<?xml version="1.0" encoding="UTF-8"?>

<jar-versions>
  <jar name="activation.jar" specVersion="1.1" specVendor="Sun Microsystems, Inc." specTitle="JavaBeans(TM) Activation Framework Specification" implVersion="1.1" implVendor="Sun Microsystems, Inc." implTitle="Sun Java System Application Server" implVendorID="com.sun" implURL="http://www.jboss.org/" sealed="false" md5Digest="e1bdb6479133b935e3051b4573c2bd84"/>
  <jar name="antlr.jar" specVersion="4.2.0.GA" specVendor="JBoss (http://www.jboss.org/)" specTitle="JBoss" implVersion="4.2.0.GA (build: SVNTag=JBPAPP_4_2_0_GA date=200706281411)" implVendor="JBoss Inc." implTitle="JBoss [EAP]" implVendorID="http://www.jboss.org/" implURL="http://www.jboss.org/" sealed="false" md5Digest="3d6ae48abf9478fc9055708126de02ee"/>
  <jar name="applet.jar" specVersion="4.2.0.GA" specVendor="JBoss (http://www.jboss.org/)" specTitle="JBoss" implVersion="4.2.0.GA (build: SVNTag=JBPAPP_4_2_0_GA date=200706281411)" implVendor="JBoss Inc." implTitle="JBoss [EAP]" implVendorID="http://www.jboss.org/" implURL="http://www.jboss.org/" sealed="false" md5Digest="74aa2d941c542ea15c4e37ac54f8872"/>
  <jar name="autonumber-plugin.jar" specVersion="4.2.0.GA" specVendor="JBoss (http://www.jboss.org/)" specTitle="JBoss" implVersion="4.2.0.GA (build: SVNTag=JBPAPP_4_2_0_GA date=200706281411)" implVendor="JBoss Inc." implTitle="JBoss [EAP]" implVendorID="http://www.jboss.org/" implURL="http://www.jboss.org/" sealed="false" md5Digest="a37b50d85346f8acbae3390217333a7"/>
  <jar name="avalon-framework.jar" specVersion="4.2.0.GA" specVendor="JBoss (http://www.jboss.org/)" specTitle="JBoss" implVersion="4.2.0.GA (build: SVNTag=JBPAPP_4_2_0_GA date=200706281411)" implVendor="JBoss Inc." implTitle="JBoss [EAP]" implVendorID="http://www.jboss.org/" implURL="http://www.jboss.org/" sealed="false" md5Digest="ac6cc4f865daf6921a4adfc9ab64daa2"/>
  <jar name="bcel.jar" specVersion="4.2.0.GA" specVendor="JBoss (http://www.jboss.org/)" specTitle="JBoss" implVersion="4.2.0.GA (build: SVNTag=JBPAPP_4_2_0_GA date=200706281411)" implVendor="JBoss Inc." implTitle="JBoss [EAP]" implVendorID="http://www.jboss.org/" implURL="http://www.jboss.org/" sealed="false" md5Digest="cb492697182038ad4db539bad8e5520e"/>
  <jar name="bindingservice-plugin.jar" specVersion="4.2.0.GA" specVendor="JBoss (http://www.jboss.org/)" specTitle="JBoss" implVersion="4.2.0.GA (build: SVNTag=JBPAPP_4_2_0_GA date=200706281411)" implVendor="JBoss Inc." implTitle="JBoss [EAP]" implVendorID="http://www.jboss.org/" implURL="http://www.jboss.org/" sealed="false" md5Digest="792ef94db81e05307373c1b78c7f656d"/>
  <jar name="bsf.jar" specVersion="4.2.0.GA" specVendor="JBoss (http://www.jboss.org/)" specTitle="JBoss" implVersion="4.2.0.GA (build: SVNTag=JBPAPP_4_2_0_GA date=200706281411)" implVendor="JBoss Inc." implTitle="JBoss [EAP]" implVendorID="http://www.jboss.org/" implURL="http://www.jboss.org/" sealed="false" md5Digest="8afef1b09aa423470d6dd7e87df84ecc"/>
  <jar name="bsh-deployer.jar" specVersion="4.2.0.GA" specVendor="JBoss (http://www.jboss.org/)" specTitle="JBoss" implVersion="4.2.0.GA (build: SVNTag=JBPAPP_4_2_0_GA date=200706281411)" implVendor="JBoss Inc." implTitle="JBoss [EAP]" implVendorID="http://www.jboss.org/" implURL="http://www.jboss.org/" sealed="false" md5Digest="a730136424ecc335bd5c0147b63d7a37"/>
  <jar name="bsh.jar" specVersion="4.2.0.GA" specVendor="JBoss (http://www.jboss.org/)" specTitle="JBoss" implVersion="4.2.0.GA (build: SVNTag=JBPAPP_4_2_0_GA date=200706281411)" implVendor="JBoss Inc." implTitle="JBoss [EAP]" implVendorID="http://www.jboss.org/" implURL="http://www.jboss.org/" sealed="false" md5Digest="144f0632eecd9af2f09b8fd122bf4944"/>
  <jar name="cglib.jar" specVersion="4.2.0.GA" specVendor="JBoss (http://www.jboss.org/)" specTitle="JBoss" implVersion="4.2.0.GA (build: SVNTag=JBPAPP_4_2_0_GA date=200706281411)" implVendor="JBoss Inc." implTitle="JBoss [EAP]" implVendorID="http://www.jboss.org/" implURL="http://www.jboss.org/" sealed="false" md5Digest="d31ee5468ffa7297cae0aa2345d0ef9"/>
  <jar name="commons-codec.jar" specVersion="1.3" specVendor="Apache Software Foundation" specTitle="Jakarta Commons Codec" implVersion="1.3" implVendor="Apache Software Foundation" implTitle="org.apache.commons.codec" implVendorID="http://www.jboss.org/" implURL="http://www.jboss.org/" sealed="false" md5Digest="da002abd72af5c8ecb2ec2e3bd54b891"/>
  <jar name="commons-collections.jar" specVersion="3.1" specVendor="Apache Software Foundation" specTitle="Commons Collections" implVersion="3.1" implVendor="Apache Software Foundation" implTitle="JBoss [EAP]" implVendorID="" implURL="http://www.jboss.org/" sealed="false" md5Digest="1795ff0a4c7e6b6cfe8e548faeb36dc4"/>
  <jar name="commons-httpclient.jar" specVersion="1.0" specVendor="Apache Software Foundation" specTitle="JBoss" implVersion="3.0.1" implVendor="Apache Software Foundation" implTitle="JBoss [EAP]" implVendorID="http://www.jboss.org/" implURL="http://www.jboss.org/" sealed="false" md5Digest="db9fdd5080f3348e4c2241cf634ef576"/>
  <jar name="commons-logging.jar" specVersion="1.0" specVendor="Apache Software Foundation" specTitle="Jakarta Commons Logging" implVersion="1.1.0.jboss" implVendor="Red Hat Middleware LLC" implTitle="Jakarta Commons Logging" implVendorID="jboss.org" implURL="http://www.jboss.org/" sealed="false" md5Digest="b6cf457b1988e99273277a75c8b37608"/>
  <jar name="concurrent.jar" specVersion="4.2.0.GA" specVendor="JBoss (http://www.jboss.org/)" specTitle="JBoss" implVersion="4.2.0.GA (build: SVNTag=JBPAPP_4_2_0_GA date=200706281411)" implVendor="JBoss Inc." implTitle="JBoss [EAP]" implVendorID="http://www.jboss.org/" implURL="http://www.jboss.org/" sealed="false" md5Digest="91e3ed92f6b6c47db5287fd6fef2f7e1"/>
  <jar name="console-mgr-classes.jar" specVersion="4.2.0.GA" specVendor="JBoss (http://www.jboss.org/)" specTitle="JBoss" implVersion="4.2.0.GA (build: SVNTag=JBPAPP_4_2_0_GA date=200706281411)" implVendor="JBoss Inc." implTitle="JBoss [EAP]" implVendorID="http://www.jboss.org/" implURL="http://www.jboss.org/" sealed="false" md5Digest="3ff4510cc4dbbeba896d579f911b6e28"/>
  <jar name="deployment-service.sar" specVersion="4.2.0.GA" specVendor="JBoss (http://www.jboss.org/)" specTitle="JBoss" implVersion="4.2.0.GA (build: SVNTag=JBPAPP_4_2_0_GA date=200706281411)" implVendor="JBoss Inc." implTitle="JBoss [EAP]" implVendorID="http://www.jboss.org/" implURL="http://www.jboss.org/" sealed="false" md5Digest="9ad0eec02d866846e45c07cd55959702"/>
  <jar name="derby-plugin.jar" specVersion="4.2.0.GA" specVendor="JBoss (http://www.jboss.org/)" specTitle="JBoss" implVersion="4.2.0.GA (build: SVNTag=JBPAPP_4_2_0_GA date=200706281411)" implVendor="JBoss Inc." implTitle="JBoss [EAP]" implVendorID="http://www.jboss.org/" implURL="http://www.jboss.org/" sealed="false" md5Digest="dae0f4336c28fbf9162b74aa7edcb2e2"/>
  <jar name="dom4j.jar" specVersion="4.2.0.GA" specVendor="JBoss (http://www.jboss.org/)" specTitle="JBoss" implVersion="4.2.0.GA (build: SVNTag=JBPAPP_4_2_0_GA date=200706281411)" implVendor="JBoss Inc." implTitle="JBoss [EAP]" implVendorID="http://www.jboss.org/" implURL="http://www.jboss.org/" sealed="false" md5Digest="f3bccc30d868cbf54e4ab05a6b68c186"/>
  <jar name="ejb-management.jar" specVersion="4.2.0.GA" specVendor="JBoss (http://www.jboss.org/)" specTitle="JBoss" implVersion="4.2.0.GA (build: SVNTag=JBPAPP_4_2_0_GA date=200706281411)" implVendor="JBoss Inc." implTitle="JBoss [EAP]" implVendorID="http://www.jboss.org/" implURL="http://www.jboss.org/" sealed="false" md5Digest="b9a467fbf3e5b9fe94e1bf10e13904b4"/>
  <jar name="ejb3-persistence.jar" specVersion="3.0 Final Release" specVendor="Sun Microsystems, Inc." specTitle="EJB 3.0" implVersion="3.0 Final Release September 22 2006" implVendor="hibernate.org" implTitle="EJB" implVendorID="http://www.jboss.org/" implURL="http://www.jboss.org/" sealed="false" md5Digest="5ceee6c355287ed7ac13af8809dafd5c"/>
  <jar name="el-api.jar" specVersion="4.2.0.GA" specVendor="JBoss (http://www.jboss.org/)" specTitle="JBoss" implVersion="4.2.0.GA (build: SVNTag=JBPAPP_4_2_0_GA date=200706281411)" implVendor="JBoss Inc." implTitle="JBoss [EAP]" implVendorID="http://www.jboss.org/" implURL="http://www.jboss.org/" sealed="false" md5Digest="a07f0ae8150d45de6d91dc870b54a7ee"/>
  <jar name="getopt.jar" specVersion="4.2.0.GA" specVendor="JBoss (http://www.jboss.org/)" specTitle="JBoss" implVersion="4.2.0.GA (build: SVNTag=JBPAPP_4_2_0_GA date=200706281411)" implVendor="JBoss Inc." implTitle="JBoss [EAP]" implVendorID="http://www.jboss.org/" implURL="http://www.jboss.org/" sealed="false" md5Digest="33f06e1b4edc2513d4140143fa0c2c9c"/>
  <jar name="hibernate-annotations.jar" specVersion="4.2.0.GA" specVendor="JBoss (http://www.jboss.org/)" specTitle="JBoss" implVersion="4.2.0.GA (build: SVNTag=JBPAPP_4_2_0_GA date=200706281411)" implVendor="JBoss Inc." implTitle="JBoss [EAP]" implVendorID="http://www.jboss.org/" implURL="http://www.jboss.org/" sealed="false" md5Digest="c8ec18f2422113820d54d9e34f703f53"/>
  <jar name="hibernate-client.jar" specVersion="4.2.0.GA" specVendor="JBoss (http://www.jboss.org/)" specTitle="JBoss" implVersion="4.2.0.GA (build: SVNTag=JBPAPP_4_2_0_GA date=200706281411)" implVendor="JBoss Inc." implTitle="JBoss [EAP]" implVendorID="http://www.jboss.org/" implURL="http://www.jboss.org/" sealed="false" md5Digest="23bb7f73fa42fc46871ac8fce9cd630"/>
  <jar name="hibernate-entitymanager.jar" specVersion="4.2.0.GA" specVendor="JBoss (http://www.jboss.org/)" specTitle="JBoss" implVersion="4.2.0.GA (build: SVNTag=JBPAPP_4_2_0_GA date=200706281411)" implVendor="JBoss Inc." implTitle="JBoss [EAP]" implVendorID="http://www.jboss.org/" implURL="http://www.jboss.org/" sealed="false" md5Digest="3a973f5067b698aaabe1f4212630ad80"/>
  <jar name="hibernate3.jar" specVersion="4.2.0.GA" specVendor="JBoss (http://www.jboss.org/)" specTitle="JBoss" implVersion="3.2.4.sp1" implVendor="hibernate.org" implTitle="Hibernate3" implVendorID="http://www.jboss.org/" implURL="http://www.jboss.org/" sealed="false" md5Digest="bd173a1e29fd7773201511f38e2c38a2"/>
  <jar name="hsqldb-plugin.jar" specVersion="4.2.0.GA" specVendor="JBoss (http://www.jboss.org/)" specTitle="JBoss" implVersion="4.2.0.GA (build: SVNTag=JBPAPP_4_2_0_GA date=200706281411)" implVendor="JBoss Inc." implTitle="JBoss [EAP]" implVendorID="http://www.jboss.org/" implURL="http://www.jboss.org/" sealed="false" md5Digest="659d7e98972251b83a5fdebb2df60a2d"/>
  <jar name="hsqldb.jar" specVersion="4.2.0.GA" specVendor="JBoss (http://www.jboss.org/)" specTitle="JBoss" implVersion="4.2.0.GA (build: SVNTag=JBPAPP_4_2_0_GA date=200706281411)" implVendor="JBoss Inc." implTitle="JBoss [EAP]" implVendorID="http://www.jboss.org/" implURL="http://www.jboss.org/" sealed="false" md5Digest="d739f7a7c64969cbfb9a5b6585a94194"/>
  <jar name="jacorb.jar" specVersion="4.2.0.GA" specVendor="JBoss (http://www.jboss.org/)" specTitle="JBoss" implVersion="4.2.0.GA (build: SVNTag=JBPAPP_4_2_0_GA date=200706281411)" implVendor="JBoss Inc." implTitle="JBoss [EAP]" implVendorID="http://www.jboss.org/" implURL="http://www.jboss.org/" sealed="false" md5Digest="8a6f0939add67d40d9030f8876655542"/>
  <jar name="jasper-jdt.jar" specVersion="4.2.0.GA" specVendor="JBoss (http://www.jboss.org/)" specTitle="JBoss" implVersion="4.2.0.GA (build: SVNTag=JBPAPP_4_2_0_GA date=200706281411)" implVendor="JBoss Inc." implTitle="JBoss [EAP]" implVendorID="http://www.jboss.org/" implURL="http://www.jboss.org/" sealed="false" md5Digest="5150957ca2f9a37c86e56424c60c4e9a"/>
  <jar name="javassist.jar" specVersion="snapshot" specVendor="Shigeru Chiba, Tokyo Institute of Technology" specTitle="Javassist" implVersion="4.2.0.GA (build: SVNTag=JBPAPP_4_2_0_GA date=200706281411)" implVendor="JBoss Inc." implTitle="JBoss [EAP]" implVendorID="http://www.jboss.org/" implURL="http://www.jboss.org/" sealed="false" md5Digest="94c7820f08efeb926a33af76f4d1f628"/>
  <jar name="jaxb-api.jar" specVersion="2.0" specVendor="Sun Microsystems, Inc." specTitle="Java Architecture for XML Binding" implVersion="4.2.0.GA (build: SVNTag=JBPAPP_4_2_0_GA date=200706281411)" implVendor="JBoss Inc." implTitle="JBoss [EAP]" implVendorID="http://www.jboss.org/" implURL="http://www.jboss.org/" sealed="false" md5Digest="b21d10f482c0dba22c4b8174e9b6790"/>
  <jar name="jaxb-impl.jar" specVersion="2.0" specVendor="Sun Microsystems, Inc." specTitle="Java Architecture for XML Binding" implVersion="2.0.3" implVendor="Sun Microsystems, Inc." implTitle="JAXB Reference Implementation " implVendorID="com.sun" implURL="http://www.jboss.org/" sealed="false" md5Digest="8e545bb541553bba169d7a76af2cc3c2"/>
  <jar name="jaxb-xjc.jar" specVersion="2.0" specVendor="Sun Microsystems, Inc." specTitle="Java Architecture for XML Binding" implVersion="2.0.3" implVendor="Sun Microsystems, Inc." implTitle="JAXB Reference Implementation " implVendorID="com.sun" implURL="http://www.jboss.org/" sealed="false" md5Digest="52d568012cffc05ea1e422823d6f439"/>
  <jar name="jaxen.jar" specVersion="4.2.0.GA" specVendor="Codehaus" specTitle="Universal Java XPath Engine" implVersion="1.1" implVendor="Codehaus" implTitle="org.jaxen" implVendorID="http://www.jboss.org/" implURL="http://www.jboss.org/" sealed="false" md5Digest="fee2908b5c8bd2be849aea98ad3fa499"/>
  <jar name="jboss-annotations-ejb3.jar" specVersion="JBoss EJB 3.0 AS 4.2.0 GA" specVendor="JBoss" specTitle="JBoss EJB 3.0" implVersion="JBoss EJB 3.0 AS 4.2.0 GA" implVendor="JBoss" implTitle="JBoss EJB 3.0" implVendorID="http://www.jboss.org/" implURL="http://www.jboss.com/products/ejb3" sealed="false" md5Digest="83a219fafe501b39573d5a9c0021e1be"/>
  <jar name="jboss-aop-jdk50-client.jar" specVersion="jboss-aop-1.5.5.GA" specVendor="JBoss (http://www.jboss.org/)" specTitle="JBoss AOP Framework" implVersion="jboss-aop-1.5.5.GA" implVendor="JBoss.org" implTitle="JBoss AOP Framework" implVendorID="http://www.jboss.org/" implURL="http://www.jboss.org/" sealed="false" md5Digest="b482217f7c53feb036fe3f6427c160d1"/>
  <jar name="jboss-aop-jdk50.jar" specVersion="jboss-aop-1.5.5.GA" specVendor="JBoss (http://www.jboss.org/)" specTitle="JBoss AOP Framework" implVersion="jboss-aop-1.5.5.GA" implVendor="JBoss.org" implTitle="JBoss AOP Framework" implVendorID="http://www.jboss.org/" implURL="http://www.jboss.org/" sealed="false" md5Digest="2bb62464d52d32378aff0571273d3c3d"/>
  <jar name="jboss-aspect-jdk50-client.jar" specVersion="jboss-aspect-library-1.5" specVendor="JBoss (http://www.jboss.org/)" specTitle="JBoss AOP Aspect Library" implVersion="jboss-aspect-library-1.5" implVendor="JBoss Inc." implTitle="JBoss AOP Aspect Library" implVendorID="http://www.jboss.org/" implURL="http://www.jboss.org/" sealed="false" md5Digest="932e908ef373ed019be6059aff6c3d2"/>
  <jar name="jboss-aspect-library-jdk50.jar" specVersion="jboss-aspect-library-1.5" specVendor="JBoss (http://www.jboss.org/)" specTitle="JBoss AOP Aspect Library" implVersion="jboss-aspect-library-1.5" implVendor="JBoss Inc." implTitle="JBoss AOP Aspect Library" implVendorID="http://www.jboss.org/" implURL="http://www.jboss.org/" sealed="false" md5Digest="e5b83de8311fb43fd9a17e1f555780b8"/>
  <jar name="jboss-bean-deployer.jar" specVersion="4.2.0.GA" specVendor="JBoss (http://www.jboss.org/)" specTitle="JBoss" implVersion="4.2.0.GA (build: SVNTag=JBPAPP_4_2_0_GA date=200706281411)" implVendor="JBoss Inc." implTitle="JBoss [EAP]" implVendorID="http://www.jboss.org/" implURL="http://www.jboss.org/" sealed="false" md5Digest="4a75a4ca89eecf91f2f04ee8944990f5"/>
  <jar name="jboss-cache-jdk50.jar" specVersion="1.4.1.SP3" specVendor="JBoss Inc." specTitle="JBossCache" implVersion="1.4.1.SP3" implVendor="JBoss Inc." implTitle="JBossCache" implVendorID="http://www.jboss.org/" implURL="http://www.jboss.org/" sealed="false" md5Digest="f4f0c6ab4db80a9fdf99c11941d3a762"/>
  <jar name="jboss-client.jar" specVersion="4.2.0.GA" specVendor="JBoss (http://www.jboss.org/)" specTitle="JBoss" implVersion="4.2.0.GA (build: SVNTag=JBPAPP_4_2_0_GA date=200706281411)" implVendor="JBoss Inc." implTitle="JBoss [EAP]" implVendorID="http://www.jboss.org/" implURL="http://www.jboss.org/" sealed="false" md5Digest="ee7ce0646395c0abc588bec87b1da34e"/>
  <jar name="jboss-common-client.jar" specVersion="1.2.0.GA" specVendor="JBoss (http://www.jboss.org/)" specTitle="JBoss Common" implVersion="1.2.0.GA (build: SVNTag=JBossCommon_1_2_0_GA date=200703301431)" implVendor="JBoss.org" implTitle="JBoss Common [Trinity]" implVendorID="http://www.jboss.org/" implURL="http://www.jboss.org/" sealed="false" md5Digest="35b68968e8314929e0bb4a1fc396e037"/>
  <jar name="jboss-common-jdbc-wrapper.jar" specVersion="4.2.0.GA" specVendor="JBoss (http://www.jboss.org/)" specTitle="JBoss" implVersion="4.2.0.GA (build: SVNTag=JBPAPP_4_2_0_GA date=200706281411)" implVendor="JBoss Inc." implTitle="JBoss [EAP]" implVendorID="http://www.jboss.org/" implURL="http://www.jboss.org/" sealed="false" md5Digest="928612c5b72ecea9fe882b765f7f5fd3"/>
  <jar name="jboss-common.jar" specVersion="1.2.0.GA" specVendor="JBoss (http://www.jboss.org/)" specTitle="JBoss Common" implVersion="1.2.0.GA (build: SVNTag=JBossCommon_1_2_0_GA date=200703301431)" implVendor="JBoss.org" implTitle="JBoss Common [Trinity]" implVendorID="http://www.jboss.org/" implURL="http://www.jboss.org/" sealed="false" md5Digest="91a339fc275ec5511532007d5d45cd01"/>
  <jar name="jboss-container.jar" specVersion="5.0.0" specVendor="JBoss (http://www.jboss.org/)" specTitle="JBoss" implVersion="5.0.0alpha (build: CVSTag=HEAD date=200601252203)" implVendor="JBoss.org" implTitle="JBoss [TheOne]" implVendorID="http://www.jboss.org/" implURL="http://www.jboss.org/" sealed="false" md5Digest="2f87d04b8ddab5925cab51c520e38a2e"/>
  <jar name="jboss-dependency.jar" specVersion="5.0.0" specVendor="JBoss (http://www.jboss.org/)" specTitle="JBoss" implVersion="5.0.0alpha (build: CVSTag=HEAD date=200601252203)" implVendor="JBoss.org" implTitle="JBoss [TheOne]" implVendorID="http://www.jboss.org/" implURL="http://www.jboss.org/" sealed="false" md5Digest="235b0ce031eeb4159c021fed8c507a74"/>
  <jar name="jboss-deployment.jar" specVersion="1.1" specVendor="Sun Microsystems, Inc." specTitle="J2EE Deployment API" implVersion="1.1-DEV" implVendor="JBoss Inc." implTitle="JBoss JSR-88 Deployment API" implVendorID="http://www.jboss.org/" implURL="http://www.jboss.org/" sealed="false" md5Digest="7486e1b39129989c6864ec84a834187c"/>
  <jar name="jboss-ejb3-client.jar" specVersion="JBoss EJB 3.0 AS 4.2.0 GA" specVendor="JBoss" specTitle="JBoss EJB 3.0" implVersion="JBoss EJB 3.0 AS 4.2.0 GA" implVendor="JBoss" implTitle="JBoss EJB 3.0" implVendorID="http://www.jboss.org/" implURL="http://www.jboss.com/products/ejb3" sealed="false" md5Digest="71d31b1661d78f2f4be1a1afe9318124"/>
  <jar name="jboss-ejb3.jar" specVersion="JBoss EJB 3.0 AS 4.2.0 GA" specVendor="JBoss" specTitle="JBoss EJB 3.0" implVersion="JBoss EJB 3.0 AS 4.2.0 GA" implVendor="JBoss" implTitle="JBoss EJB 3.0" implVendorID="http://www.jboss.org/" implURL="http://www.jboss.com/products/ejb3" sealed="false" md5Digest="a7c8eea2b86ff30a053f93d82ccb85d9"/>
  <jar name="jboss-ejb3x.jar" specVersion="4.2.0.GA" specVendor="JBoss (http://www.jboss.org/)" specTitle="JBoss" implVersion="4.2.0.GA (build: SVNTag=JBPAPP_4_2_0_GA date=200706281411)" implVendor="JBoss Inc." implTitle="JBoss [EAP]" implVendorID="http://www.jboss.org/" implURL="http://www.jboss.org/" sealed="false" md5Digest="af794d8150cf72c851b5d1c51ccc8a7b"/>
  <jar name="jboss-faces.jar" specVersion="4.2.0.GA" specVendor="JBoss (http://www.jboss.org/)" specTitle="JBoss" implVersion="4.2.0.GA (build: SVNTag=JBPAPP_4_2_0_GA date=200706281411)" implVendor="JBoss Inc." implTitle="JBoss [EAP]" implVendorID="http://www.jboss.org/" implURL="http://www.jboss.org/" sealed="false" md5Digest="51d7406f1827601787eabbde5edc515"/>
  <jar name="jboss-ha-local-jdbc.rar" specVersion="4.2.0.GA" specVendor="JBoss (http://www.jboss.org/)" specTitle="JBoss" implVersion="4.2.0.GA (build: SVNTag=JBPAPP_4_2_0_GA date=200706281411)" implVendor="JBoss Inc." implTitle="JBoss [EAP]" implVendorID="http://www.jboss.org/" implURL="http://www.jboss.org/" sealed="false" md5Digest="e033d941166eee44d13b2a66778882b7"/>
  <jar name="jboss-ha-xa-jdbc.rar" specVersion="4.2.0.GA" specVendor="JBoss (http://www.jboss.org/)" specTitle="JBoss" implVersion="4.2.0.GA (build: SVNTag=JBPAPP_4_2_0_GA date=200706281411)" implVendor="JBoss Inc." implTitle="JBoss [EAP]" implVendorID="http://www.jboss.org/" implURL="http://www.jboss.org/" sealed="false" md5Digest="e851e11c52ac9d2efb33e2546f8877b8"/>
  <jar name="jboss-hibernate.jar" specVersion="4.2.0.GA" specVendor="JBoss (http://www.jboss.org/)" specTitle="JBoss" implVersion="4.2.0.GA (build: SVNTag=JBPAPP_4_2_0_GA date=200706281411)" implVendor="JBoss Inc." implTitle="JBoss [EAP]" implVendorID="http://www.jboss.org/" implURL="http://www.jboss.org/" sealed="false" md5Digest="13703262527a0f52a2584bd34a7366cf"/>
  <jar name="jboss-iiop-client.jar" specVersion="4.2.0.GA" specVendor="JBoss (http://www.jboss.org/)" specTitle="JBoss" implVersion="4.2.0.GA (build: SVNTag=JBPAPP_4_2_0_GA date=200706281411)" implVendor="JBoss Inc." implTitle="JBoss [EAP]" implVendorID="http://www.jboss.org/" implURL="http://www.jboss.org/" sealed="false" md5Digest="dbd90645cf00fb431f6df69ff3140296"/>
  <jar name="jboss-iiop.jar" specVersion="4.2.0.GA" specVendor="JBoss (http://www.jboss.org/)" specTitle="JBoss" implVersion="4.2.0.GA (build: SVNTag=JBPAPP_4_2_0_GA date=200706281411)" implVendor="JBoss Inc." implTitle="JBoss [EAP]" implVendorID="http://www.jboss.org/" implURL="http://www.jboss.org/" sealed="false" md5Digest="13e82fb45dab4a518572282ca5effc2d"/>
  <jar name="jboss-j2ee.jar" specVersion="4.2.0.GA" specVendor="JBoss (http://www.jboss.org/)" specTitle="JBoss" implVersion="4.2.0.GA (build: SVNTag=JBPAPP_4_2_0_GA date=200706281411)" implVendor="JBoss Inc." implTitle="JBoss [EAP]" implVendorID="http://www.jboss.org/" implURL="http://www.jboss.org/" sealed="false" md5Digest="1a1ccdbd74b0f50891078ace2e16e8eb"/>
  <jar name="jboss-jaxrpc.jar" specVersion="jbossws-1.2" specVendor="JBoss (http://www.jboss.org)" specTitle="JBossWS" implVersion="jbossws-1.2.1.GA (build=200704151756)" implVendor="JBoss Inc." implTitle="JBoss Web Services (JBossWS)" implVendorID="http://www.jboss.org" implURL="http://www.jboss.org/products/jbossws" sealed="false" md5Digest="eee2c08c7ca9d12684c37f440a2c6fa3"/>
  <jar name="jboss-jaxws.jar" specVersion="jbossws-1.2" specVendor="JBoss (http://www.jboss.org)" specTitle="JBossWS" implVersion="jbossws-1.2.1.GA (build=200704151756)" implVendor="JBoss Inc." implTitle="JBoss Web Services (JBossWS)" implVendorID="http://www.jboss.org" implURL="http://www.jboss.org/products/jbossws" sealed="false" md5Digest="3756e13f95704948748232e789ae1933"/>
  <jar name="jboss-jca.jar" specVersion="4.2.0.GA" specVendor="JBoss (http://www.jboss.org/)" specTitle="JBoss" implVersion="4.2.0.GA (build: SVNTag=JBPAPP_4_2_0_GA date=200706281411)" implVendor="JBoss Inc." implTitle="JBoss [EAP]" implVendorID="http://www.jboss.org/" implURL="http://www.jboss.org/" sealed="false" md5Digest="11a1e26b40b5b3a19ff1deb98eca7c2c"/>
  <jar name="jboss-jmx.jar" specVersion="4.2.0.GA" specVendor="JBoss (http://www.jboss.org/)" specTitle="JBoss" implVersion="4.2.0.GA (build: SVNTag=JBPAPP_4_2_0_GA date=200706281411)" implVendor="JBoss Inc." implTitle="JBoss [EAP]" implVendorID="http://www.jboss.org/" implURL="http://www.jboss.org/" sealed="false" md5Digest="78b462722bcee5859d63e89d447468ca"/>
  <jar name="jboss-jsr77-client.jar" specVersion="4.2.0.GA" specVendor="JBoss (http://www.jboss.org/)" specTitle="JBoss" implVersion="4.2.0.GA (build: SVNTag=JBPAPP_4_2_0_GA date=200706281411)" implVendor="JBoss Inc." implTitle="JBoss [EAP]" implVendorID="http://www.jboss.org/" implURL="http://www.jboss.org/" sealed="false" md5Digest="9169e6603c0e6282a1942558cff94172"/>
  <jar name="jboss-jsr77.jar" specVersion="4.2.0.GA" specVendor="JBoss (http://www.jboss.org/)" specTitle="JBoss" implVersion="4.2.0.GA (build: SVNTag=JBPAPP_4_2_0_GA date=200706281411)" implVendor="JBoss Inc." implTitle="JBoss [EAP]" implVendorID="http://www.jboss.org/" implURL="http://www.jboss.org/" sealed="false" md5Digest="9b14b3ece6a98944faba6d498b36905b"/>
  <jar name="jboss-jsr88.jar" specVersion="4.2.0.GA" specVendor="JBoss (http://www.jboss.org/)" specTitle="JBoss" implVersion="4.2.0.GA (build: SVNTag=JBPAPP_4_2_0_GA date=200706281411)" implVendor="JBoss Inc." implTitle="JBoss [EAP]" implVendorID="http://www.jboss.org/" implURL="http://www.jboss.org/" sealed="false" md5Digest="fe3d4f7e16ea38242d45448652706b88"/>
  <jar name="jboss-local-jdbc.rar" specVersion="4.2.0.GA" specVendor="JBoss (http://www.jboss.org/)" specTitle="JBoss" implVersion="4.2.0.GA (build: SVNTag=JBPAPP_4_2_0_GA date=200706281411)" implVendor="JBoss Inc." implTitle="JBoss [EAP]" implVendorID="http://www.jboss.org/" implURL="http://www.jboss.org/" sealed="false" md5Digest="f94a0f61ac23c2dbfaf78d06ffb2a551"/>
  <jar name="jboss-management.jar" specVersion="4.2.0.GA" specVendor="JBoss (http://www.jboss.org/)" specTitle="JBoss" implVersion="4.2.0.GA (build: SVNTag=JBPAPP_4_2_0_GA date=200706281411)" implVendor="JBoss Inc." implTitle="JBoss [EAP]" implVendorID="http://www.jboss.org/" implURL="http://www.jboss.org/" sealed="false" md5Digest="af650ff1735e3ab5a9089be1a32e9b1e"/>
  <jar name="jboss-microcontainer.jar" specVersion="5.0.0" specVendor="JBoss (http://www.jboss.org/)" specTitle="JBoss" implVersion="5.0.0alpha (build: CVSTag=HEAD date=200601252203)" implVendor="JBoss.org" implTitle="JBoss [TheOne]" implVendorID="http://www.jboss.org/" implURL="http://www.jboss.org/" sealed="false" md5Digest="8bcffeee30e975456c7d74a0b8e904b5"/>
  <jar name="jboss-minimal.jar" specVersion="4.2.0.GA" specVendor="JBoss (http://www.jboss.org/)" specTitle="JBoss" implVersion="4.2.0.GA (build: SVNTag=JBPAPP_4_2_0_GA date=200706281411)" implVendor="JBoss Inc." implTitle="JBoss [EAP]" implVendorID="http://www.jboss.org/" implURL="http://www.jboss.org/" sealed="false" md5Digest="cf2a585a2df52e61d503d4a721d8ffd9"/>
  <jar name="jboss-monitoring.jar" specVersion="4.2.0.GA" specVendor="JBoss (http://www.jboss.org/)" specTitle="JBoss" implVersion="4.2.0.GA (build: SVNTag=JBPAPP_4_2_0_GA date=200706281411)" implVendor="JBoss Inc." implTitle="JBoss [EAP]" implVendorID="http://www.jboss.org/" implURL="http://www.jboss.org/" sealed="false" md5Digest="b6c9b24a12ac5b7a72cd1d98a2d60cea"/>
  <jar name="jboss-remoting-int.jar" specVersion="4.2.0.GA" specVendor="JBoss (http://www.jboss.org/)" specTitle="JBoss" implVersion="4.2.0.GA (build: SVNTag=JBPAPP_4_2_0_GA date=200706281411)" implVendor="JBoss Inc." implTitle="JBoss [EAP]" implVendorID="http://www.jboss.org/" implURL="http://www.jboss.org/" sealed="false" md5Digest="f48aaa8f729d476d19be5caa33c07813"/>
  <jar name="jboss-remoting.jar" specVersion="4.2.0.GA" specVendor="JBoss (http://www.jboss.org/)" specTitle="JBoss" implVersion="4.2.0.GA (build: SVNTag=JBPAPP_4_2_0_GA date=200706281411)" implVendor="JBoss Inc." implTitle="JBoss [EAP]" implVendorID="http://www.jboss.org/" implURL="http://www.jboss.org/" sealed="false" md5Digest="eb55759158eaf1088480cb430017afd7"/>
  <jar name="jboss-saaj.jar" specVersion="jbossws-1.2" specVendor="JBoss (http://www.jboss.org)" specTitle="JBossWS" implVersion="jbossws-1.2.1.GA (build=200704151756)" implVendor="JBoss Inc." implTitle="JBoss Web Services (JBossWS)" implVendorID="http://www.jboss.org" implURL="http://www.jboss.org/products/jbossws" sealed="false" md5Digest="6a34d2122a43788f80bcbc7115eeb261"/>
  <jar name="jboss-serialization.jar" specVersion="4.2.0.GA" specVendor="JBoss (http://www.jboss.org/)" specTitle="JBoss" implVersion="4.2.0.GA (build: SVNTag=JBPAPP_4_2_0_GA date=200706281411)" implVendor="JBoss Inc." implTitle="JBoss [EAP]" implVendorID="http://www.jboss.org/" implURL="http://www.jboss.org/" sealed="false" md5Digest="78430ea7d293c3cc4f489c6d70b4b35f"/>
  <jar name="jboss-srp-client.jar" specVersion="4.2.0.GA" specVendor="JBoss (http://www.jboss.org/)" specTitle="JBoss" implVersion="4.2.0.GA (build: SVNTag=JBPAPP_4_2_0_GA date=200706281411)" implVendor="JBoss Inc." implTitle="JBoss [EAP]" implVendorID="http://www.jboss.org/" implURL="http://www.jboss.org/" sealed="false" md5Digest="f129f638fc7572421224a43ef809ad7f"/>
  <jar name="jboss-srp.jar" specVersion="4.2.0.GA" specVendor="JBoss (http://www.jboss.org/)" specTitle="JBoss" implVersion="4.2.0.GA (build: SVNTag=JBPAPP_4_2_0_GA date=200706281411)" implVendor="JBoss Inc." implTitle="JBoss [EAP]" implVendorID="http://www.jboss.org/" implURL="http://www.jboss.org/" sealed="false" md5Digest="7ee4dc032af50b124cd3741bac324d4"/>
  <jar name="jboss-system-client.jar" specVersion="4.2.0.GA" specVendor="JBoss (http://www.jboss.org/)" specTitle="JBoss" implVersion="4.2.0.GA (build: SVNTag=JBPAPP_4_2_0_GA date=200706281411)" implVendor="JBoss Inc." implTitle="JBoss [EAP]" implVendorID="http://www.jboss.org/" implURL="http://www.jboss.org/" sealed="false" md5Digest="1803861db869aef1f581626671191188"/>
  <jar name="jboss-system.jar" specVersion="4.2.0.GA" specVendor="JBoss (http://www.jboss.org/)" specTitle="JBoss" implVersion="4.2.0.GA (build: SVNTag=JBPAPP_4_2_0_GA date=200706281411)" implVendor="JBoss Inc." implTitle="JBoss [EAP]" implVendorID="http://www.jboss.org/" implURL="http://www.jboss.org/" sealed="false" md5Digest="b7b93ba97d4425566e6917c9d68b7ced"/>
  <jar name="jboss-transaction-client.jar" specVersion="4.2.0.GA" specVendor="JBoss (http://www.jboss.org/)" specTitle="JBoss" implVersion="4.2.0.GA (build: SVNTag=JBPAPP_4_2_0_GA date=200706281411)" implVendor="JBoss Inc." implTitle="JBoss [EAP]" implVendorID="http://www.jboss.org/" implURL="http://www.jboss.org/" sealed="false" md5Digest="c461badace7c7252163a26be8cf43930"/>
  <jar name="jboss-transaction.jar" specVersion="4.2.0.GA" specVendor="JBoss (http://www.jboss.org/)" specTitle="JBoss" implVersion="4.2.0.GA (build: SVNTag=JBPAPP_4_2_0_GA date=200706281411)" implVendor="JBoss Inc." implTitle="JBoss [EAP]" implVendorID="http://www.jboss.org/" implURL="http://www.jboss.org/" sealed="false" md5Digest="c1391a5e6fa7c31182c03cb43ecdb2ae"/>
  <jar name="jboss-vfs.jar" specVersion="1.0.0.GA" specVendor="JBoss, A division of Red Hat" specTitle="JBoss VFS" implVersion="1.0.0.GA" implVendor="JBoss, A division of Red Hat" implTitle="JBoss VFS" implVendorID="jboss" implURL="http://www.jboss.org/" sealed="false" md5Digest="fe0a5677c8289cc8005bf20e035be58f"/>
  <jar name="jboss-web-cluster.aop" specVersion="4.2.0.GA" specVendor="JBoss (http://www.jboss.org/)" specTitle="JBoss" implVersion="4.2.0.GA (build: SVNTag=JBPAPP_4_2_0_GA date=200706281411)" implVendor="JBoss Inc." implTitle="JBoss [EAP]" implVendorID="http://www.jboss.org/" implURL="http://www.jboss.org/" sealed="false" md5Digest="ca8eb67b83dc51517b2507bfcff5f717"/>
  <jar name="jboss-xa-jdbc.rar" specVersion="4.2.0.GA" specVendor="JBoss (http://www.jboss.org/)" specTitle="JBoss" implVersion="4.2.0.GA (build: SVNTag=JBPAPP_4_2_0_GA date=200706281411)" implVendor="JBoss Inc." implTitle="JBoss [EAP]" implVendorID="http://www.jboss.org/" implURL="http://www.jboss.org/" sealed="false" md5Digest="b799916fa086701ec95611102a63bd7a"/>
  <jar name="jboss-xml-binding.jar" specVersion="4.2.0.GA" specVendor="JBoss Inc." specTitle="JBoss XML Binding" implVersion="1.0.0.GA" implVendor="JBoss Inc." implTitle="jbossxb" implVendorID="http://www.jboss.org/" implURL="http://www.jboss.org/" sealed="false" md5Digest="9565fce011e2e93d931e32e35f7a3de"/>
  <jar name="jboss.jar" specVersion="4.2.0.GA" specVendor="JBoss (http://www.jboss.org/)" specTitle="JBoss" implVersion="4.2.0.GA (build: SVNTag=JBPAPP_4_2_0_GA date=200706281411)" implVendor="JBoss Inc." implTitle="JBoss [EAP]" implVendorID="http://www.jboss.org/" implURL="http://www.jboss.org/" sealed="false" md5Digest="3430ee9ea0a8702c1cf1de329b3785b3"/>
  <jar name="jbossall-client.jar" specVersion="4.2.0.GA" specVendor="JBoss (http://www.jboss.org/)" specTitle="JBoss" implVersion="4.2.0.GA (build: SVNTag=JBPAPP_4_2_0_GA date=200706281411)" implVendor="JBoss Inc." implTitle="JBoss [EAP]" implVendorID="http://www.jboss.org/" implURL="http://www.jboss.org/" sealed="false" md5Digest="d5c55a7ec76996d9fb89949cb8ef130b"/>
  <jar name="jbosscx-client.jar" specVersion="4.2.0.GA" specVendor="JBoss (http://www.jboss.org/)" specTitle="JBoss" implVersion="4.2.0.GA (build: SVNTag=JBPAPP_4_2_0_GA date=200706281411)" implVendor="JBoss Inc." implTitle="JBoss [EAP]" implVendorID="http://www.jboss.org/" implURL="http://www.jboss.org/" sealed="false" md5Digest="2c5bc403aeb86cacab68095557fe38d0"/>
  <jar name="jbossha-client.jar" specVersion="4.2.0.GA" specVendor="JBoss (http://www.jboss.org/)" specTitle="JBoss" implVersion="4.2.0.GA (build: SVNTag=JBPAPP_4_2_0_GA date=200706281411)" implVendor="JBoss Inc." implTitle="JBoss [EAP]" implVendorID="http://www.jboss.org/" implURL="http://www.jboss.org/" sealed="false" md5Digest="b87f731edf997ee8810c81e0063100fe"/>
  <jar name="jbossha.jar" specVersion="4.2.0.GA" specVendor="JBoss (http://www.jboss.org/)" specTitle="JBoss" implVersion="4.2.0.GA (build: SVNTag=JBPAPP_4_2_0_GA date=200706281411)" implVendor="JBoss Inc." implTitle="JBoss [EAP]" implVendorID="http://www.jboss.org/" implURL="http://www.jboss.org/" sealed="false" md5Digest="d574698ef6662dabb1af0a178defca31"/>
  <jar name="jbossjmx-ant.jar" specVersion="4.2.0.GA" specVendor="JBoss (http://www.jboss.org/)" specTitle="JBoss" implVersion="4.2.0.GA (build: SVNTag=JBPAPP_4_2_0_GA date=200706281411)" implVendor="JBoss Inc." implTitle="JBoss [EAP]" implVendorID="http://www.jboss.org/" implURL="http://www.jboss.org/" sealed="false" md5Digest="6469fda65959460dfd3f57bcacfe564b"/>
  <jar name="jbossjta-integration.jar" specVersion="4.2.0.GA" specVendor="JBoss (http://www.jboss.org/)" specTitle="JBoss" implVersion="4.2.0.GA (build: SVNTag=JBPAPP_4_2_0_GA date=200706281411)" implVendor="JBoss Inc." implTitle="JBoss [EAP]" implVendorID="http://www.jboss.org/" implURL="http://www.jboss.org/" sealed="false" md5Digest="8aa99be382cc1bf5d30e7b0511e907c0"/>
  <jar name="jbossjta.jar" specVersion="4.2.0.GA" specVendor="JBoss (http://www.jboss.org/)" specTitle="JBoss" implVersion="4.2.0.GA (build: SVNTag=JBPAPP_4_2_0_GA date=200706281411)" implVendor="JBoss Inc." implTitle="JBoss [EAP]" implVendorID="http://www.jboss.org/" implURL="http://www.jboss.org/" sealed="false" md5Digest="23ebb93b1091cfde775512fd7bce782e"/>
  <jar name="jbossmq-client.jar" specVersion="4.2.0.GA" specVendor="JBoss (http://www.jboss.org/)" specTitle="JBoss" implVersion="4.2.0.GA (build: SVNTag=JBPAPP_4_2_0_GA date=200706281411)" implVendor="JBoss Inc." implTitle="JBoss [EAP]" implVendorID="http://www.jboss.org/" implURL="http://www.jboss.org/" sealed="false" md5Digest="a0ff79faf9117312f1e7d0f287014a3d"/>
  <jar name="jbossmq.jar" specVersion="4.2.0.GA" specVendor="JBoss (http://www.jboss.org/)" specTitle="JBoss" implVersion="4.2.0.GA (build: SVNTag=JBPAPP_4_2_0_GA date=200706281411)" implVendor="JBoss Inc." implTitle="JBoss [EAP]" implVendorID="http://www.jboss.org/" implURL="http://www.jboss.org/" sealed="false" md5Digest="761a62c42926782158c7bd9ca9dd6844"/>
  <jar name="jbosssx-client.jar" specVersion="4.2.0.GA" specVendor="JBoss (http://www.jboss.org/)" specTitle="JBoss" implVersion="4.2.0.GA (build: SVNTag=JBPAPP_4_2_0_GA date=200706281411)" implVendor="JBoss Inc." implTitle="JBoss [EAP]" implVendorID="http://www.jboss.org/" implURL="http://www.jboss.org/" sealed="false" md5Digest="d0fd76b01fc560887f1558f70c69a4f4"/>
  <jar name="jbosssx.jar" specVersion="4.2.0.GA" specVendor="JBoss (http://www.jboss.org/)" specTitle="JBoss" implVersion="4.2.0.GA (build: SVNTag=JBPAPP_4_2_0_GA date=200706281411)" implVendor="JBoss Inc." implTitle="JBoss [EAP]" implVendorID="http://www.jboss.org/" implURL="http://www.jboss.org/" sealed="false" md5Digest="236b15137d42029aa47405307912bb68"/>
  <jar name="jbossts-common.jar" specVersion="4.2.0.GA" specVendor="JBoss (http://www.jboss.org/)" specTitle="JBoss" implVersion="4.2.0.GA (build: SVNTag=JBPAPP_4_2_0_GA date=200706281411)" implVendor="JBoss Inc." implTitle="JBoss [EAP]" implVendorID="http://www.jboss.org/" implURL="http://www.jboss.org/" sealed="false" md5Digest="fdae2c7aa2ad5f5ba3db4b7e1f257c95"/>
  <jar name="jbossweb-extras.jar" specVersion="4.2.0.GA" specVendor="JBoss (http://www.jboss.org/)" specTitle="JBoss" implVersion="4.2.0.GA (build: SVNTag=JBPAPP_4_2_0_GA date=200706281411)" implVendor="JBoss Inc." implTitle="JBoss [EAP]" implVendorID="http://www.jboss.org/" implURL="http://www.jboss.org/" sealed="false" md5Digest="5aba3d95aba49e6dd6bbf4b102245dc6"/>
  <jar name="jbossweb-service.jar" specVersion="4.2.0.GA" specVendor="JBoss (http://www.jboss.org/)" specTitle="JBoss" implVersion="4.2.0.GA (build: SVNTag=JBPAPP_4_2_0_GA date=200706281411)" implVendor="JBoss Inc." implTitle="JBoss [EAP]" implVendorID="http://www.jboss.org/" implURL="http://www.jboss.org/" sealed="false" md5Digest="330d1008f124a92cbc47a96dba56ab80"/>
  <jar name="jbossweb.jar" specVersion="4.2.0.GA" specVendor="JBoss (http://www.jboss.org/)" specTitle="JBoss" implVersion="4.2.0.GA (build: SVNTag=JBPAPP_4_2_0_GA date=200706281411)" implVendor="JBoss Inc." implTitle="JBoss [EAP]" implVendorID="http://www.jboss.org/" implURL="http://www.jboss.org/" sealed="false" md5Digest="be83900bf1203772b1753e6a9791ed87"/>
  <jar name="jbossws-client.jar" specVersion="jbossws-1.2" specVendor="JBoss (http://www.jboss.org)" specTitle="JBossWS" implVersion="jbossws-1.2.1.GA (build=200704151756)" implVendor="JBoss Inc." implTitle="JBoss Web Services (JBossWS)" implVendorID="http://www.jboss.org" implURL="http://www.jboss.org/products/jbossws" sealed="false" md5Digest="1de41669078e41daa5cd5e053fadda5a"/>
  <jar name="jbossws-context.war" specVersion="4.2.0.GA" specVendor="JBoss (http://www.jboss.org/)" specTitle="JBoss" implVersion="4.2.0.GA (build: SVNTag=JBPAPP_4_2_0_GA date=200706281411)" implVendor="JBoss Inc." implTitle="JBoss [EAP]" implVendorID="http://www.jboss.org/" implURL="http://www.jboss.org/" sealed="false" md5Digest="5eaafce36b0f32f885048369711700b5"/>
  <jar name="jbossws-core.jar" specVersion="jbossws-1.2" specVendor="JBoss (http://www.jboss.org)" specTitle="JBossWS" implVersion="jbossws-1.2.1.GA (build=200704151756)" implVendor="JBoss Inc." implTitle="JBoss Web Services (JBossWS)" implVendorID="http://www.jboss.org" implURL="http://www.jboss.org/products/jbossws" sealed="false" md5Digest="d85e0815bd9dac24ebf775a23d5db7e"/>
  <jar name="jbossws-integration.jar" specVersion="jbossws-1.2" specVendor="JBoss (http://www.jboss.org)" specTitle="JBossWS" implVersion="jbossws-1.2.1.GA (build=200704151756)" implVendor="JBoss Inc." implTitle="JBoss Web Services (JBossWS)" implVendorID="http://www.jboss.org" implURL="http://www.jboss.org/products/jbossws" sealed="false" md5Digest="31f717a7e6401c03d01972e3b4f9d5b6"/>
  <jar name="jbossws-jboss42-integration.jar" specVersion="jbossws-1.2" specVendor="JBoss (http://www.jboss.org)" specTitle="JBossWS" implVersion="jbossws-1.2.1.GA (build=200704151756)" implVendor="JBoss Inc." implTitle="JBoss Web Services (JBossWS)" implVendorID="http://www.jboss.org" implURL="http://www.jboss.org/products/jbossws" sealed="false" md5Digest="174eaf224809cb7b6d7efc476e3349f8"/>
  <jar name="jbossws-wsconsume-impl.jar" specVersion="4.2.0.GA" specVendor="JBoss (http://www.jboss.org/)" specTitle="JBoss" implVersion="jbossws-wsconsume-impl 2.0.0-02/20/2007 17:08:52(jason)" implVendor="jboss" implTitle="jbossws-wsconsume-impl" implVendorID="http://www.jboss.org/" implURL="http://www.jboss.org/" sealed="false" md5Digest="289a5832c2cac6a1cfbd951bfbdc0e20"/>
  <jar name="jcommon.jar" specVersion="4.2.0.GA" specVendor="JBoss (http://www.jboss.org/)" specTitle="JBoss" implVersion="4.2.0.GA (build: SVNTag=JBPAPP_4_2_0_GA date=200706281411)" implVendor="JBoss Inc." implTitle="JBoss [EAP]" implVendorID="http://www.jboss.org/" implURL="http://www.jboss.org/" sealed="false" md5Digest="68223e4757a402a86d7d0be04c987ac8"/>
  <jar name="jfreechart.jar" specVersion="4.2.0.GA" specVendor="JBoss (http://www.jboss.org/)" specTitle="JBoss" implVersion="4.2.0.GA (build: SVNTag=JBPAPP_4_2_0_GA date=200706281411)" implVendor="JBoss Inc." implTitle="JBoss [EAP]" implVendorID="http://www.jboss.org/" implURL="http://www.jboss.org/" sealed="false" md5Digest="69c9761d8731b92b2b74806c14e12126"/>
  <jar name="jgroups.jar" specVersion="4.2.0.GA" specVendor="JBoss (http://www.jboss.org/)" specTitle="JBoss" implVersion="2.4.1-SP3" implVendor="JBoss Inc." implTitle="JBoss [EAP]" implVendorID="http://www.jboss.org/" implURL="http://www.jboss.org/" sealed="false" md5Digest="b18823a17b7719072a322411d18c6562"/>
  <jar name="jms-ra.rar" specVersion="4.2.0.GA" specVendor="JBoss (http://www.jboss.org/)" specTitle="JBoss" implVersion="4.2.0.GA (build: SVNTag=JBPAPP_4_2_0_GA date=200706281411)" implVendor="JBoss Inc." implTitle="JBoss [EAP]" implVendorID="http://www.jboss.org/" implURL="http://www.jboss.org/" sealed="false" md5Digest="f9ca088621d02e258aa5c2a5dff4561a"/>
  <jar name="jmx-adaptor-plugin.jar" specVersion="4.2.0.GA" specVendor="JBoss (http://www.jboss.org/)" specTitle="JBoss" implVersion="4.2.0.GA (build: SVNTag=JBPAPP_4_2_0_GA date=200706281411)" implVendor="JBoss Inc." implTitle="JBoss [EAP]" implVendorID="http://www.jboss.org/" implURL="http://www.jboss.org/" sealed="false" md5Digest="f5f7957ecdf69e2803b629f04d55ae40"/>
  <jar name="jmx-client.jar" specVersion="4.2.0.GA" specVendor="JBoss (http://www.jboss.org/)" specTitle="JBoss" implVersion="4.2.0.GA (build: SVNTag=JBPAPP_4_2_0_GA date=200706281411)" implVendor="JBoss Inc." implTitle="JBoss [EAP]" implVendorID="http://www.jboss.org/" implURL="http://www.jboss.org/" sealed="false" md5Digest="fa22122d6f0d21ec472182d87cf22ee5"/>
  <jar name="jmx-invoker-adaptor-client.jar" specVersion="4.2.0.GA" specVendor="JBoss (http://www.jboss.org/)" specTitle="JBoss" implVersion="4.2.0.GA (build: SVNTag=JBPAPP_4_2_0_GA date=200706281411)" implVendor="JBoss Inc." implTitle="JBoss [EAP]" implVendorID="http://www.jboss.org/" implURL="http://www.jboss.org/" sealed="false" md5Digest="488bf53bb3a954f65ba50b2af74b2c51"/>
  <jar name="jnp-client.jar" specVersion="4.2.0.GA" specVendor="JBoss (http://www.jboss.org/)" specTitle="JBoss" implVersion="4.2.0.GA (build: SVNTag=JBPAPP_4_2_0_GA date=200706281411)" implVendor="JBoss Inc." implTitle="JBoss [EAP]" implVendorID="http://www.jboss.org/" implURL="http://www.jboss.org/" sealed="false" md5Digest="7fbc6d41116cb388aff163aa729d7ae8"/>
  <jar name="jnpserver.jar" specVersion="4.2.0.GA" specVendor="JBoss (http://www.jboss.org/)" specTitle="JBoss" implVersion="4.2.0.GA (build: SVNTag=JBPAPP_4_2_0_GA date=200706281411)" implVendor="JBoss Inc." implTitle="JBoss [EAP]" implVendorID="http://www.jboss.org/" implURL="http://www.jboss.org/" sealed="false" md5Digest="28f82eed97cde345d51fb88fb6bf1d3"/>
  <jar name="joesnmp.jar" specVersion="4.2.0.GA" specVendor="JBoss (http://www.jboss.org/)" specTitle="JBoss" implVersion="0.3.4" implVendor="joeSNMP" implTitle="JBoss [EAP]" implVendorID="http://www.jboss.org/" implURL="http://sourceforge.net/projects/joesnmp" sealed="false" md5Digest="dc7a5c1b7eadacc5ee299561734fed13"/>
  <jar name="jpl-pattern.jar" specVersion="4.2.0.GA" specVendor="JBoss (http://www.jboss.org/)" specTitle="JBoss" implVersion="4.2.0.GA (build: SVNTag=JBPAPP_4_2_0_GA date=200706281411)" implVendor="JBoss Inc." implTitle="JBoss [EAP]" implVendorID="http://www.jboss.org/" implURL="http://www.jboss.org/" sealed="false" md5Digest="8cf88aa1742d7a33dcbac65e79fa54ef"/>
  <jar name="jpl-util.jar" specVersion="4.2.0.GA" specVendor="JBoss (http://www.jboss.org/)" specTitle="JBoss" implVersion="4.2.0.GA (build: SVNTag=JBPAPP_4_2_0_GA date=200706281411)" implVendor="JBoss Inc." implTitle="JBoss [EAP]" implVendorID="http://www.jboss.org/" implURL="http://www.jboss.org/" sealed="false" md5Digest="eaac465b2059c3e5bccbd6e6792fd509"/>
  <jar name="jsf-api.jar" specVersion="1.2MR1" specVendor="JBoss (http://www.jboss.org/)" specTitle="JavaServer Faces" implVersion="1.2_04-b16-p02" implVendor="Sun Microsystems, Inc." implTitle="Sun Microsystems JavaServer Faces Implementation" implVendorID="com.sun" implURL="http://www.jboss.org/" sealed="false" md5Digest="92fdfe4454fc60bcbd2d08fc82cf8862"/>
  <jar name="jsf-impl.jar" specVersion="1.2MR1" specVendor="JBoss (http://www.jboss.org/)" specTitle="JavaServer Faces" implVersion="1.2_04-b16-p02" implVendor="Sun Microsystems, Inc." implTitle="Sun Microsystems JavaServer Faces Implementation" implVendorID="com.sun" implURL="http://www.jboss.org/" sealed="false" md5Digest="c59481da1f6703174b9db86e2c08bda5"/>
  <jar name="jsp-api.jar" specVersion="4.2.0.GA" specVendor="JBoss (http://www.jboss.org/)" specTitle="JBoss" implVersion="4.2.0.GA (build: SVNTag=JBPAPP_4_2_0_GA date=200706281411)" implVendor="JBoss Inc." implTitle="JBoss [EAP]" implVendorID="http://www.jboss.org/" implURL="http://www.jboss.org/" sealed="false" md5Digest="6e1a3e3287c70983fe6d3bb8f98d338f"/>
  <jar name="jstl.jar" specVersion="1.2" specVendor="Sun Microsystems, Inc." specTitle="JavaServer Pages(TM) Standard Tag Library" implVersion="1.2" implVendor="Sun Microsystems, Inc." implTitle="Sun Java System Application Server" implVendorID="org.apache" implURL="http://www.jboss.org/" sealed="false" md5Digest="4907aa5fa8e67048ce8aab50dd3dbd3"/>
  <jar name="juddi-saaj.jar" specVersion="4.2.0.GA" specVendor="JBoss (http://www.jboss.org/)" specTitle="JBoss" implVersion="4.2.0.GA (build: SVNTag=JBPAPP_4_2_0_GA date=200706281411)" implVendor="JBoss Inc." implTitle="JBoss [EAP]" implVendorID="http://www.jboss.org/" implURL="http://www.jboss.org/" sealed="false" md5Digest="682e649b8f7abc6d60d76d1521fb4205"/>
  <jar name="juddi-service.jar" specVersion="4.2.0.GA" specVendor="JBoss (http://www.jboss.org/)" specTitle="JBoss" implVersion="4.2.0.GA (build: SVNTag=JBPAPP_4_2_0_GA date=200706281411)" implVendor="JBoss Inc." implTitle="JBoss [EAP]" implVendorID="http://www.jboss.org/" implURL="http://www.jboss.org/" sealed="false" md5Digest="61c703139904884691f7ace63d99c84a"/>
  <jar name="juddi.jar" specVersion="4.2.0.GA" specVendor="JBoss (http://www.jboss.org/)" specTitle="JBoss" implVersion="4.2.0.GA (build: SVNTag=JBPAPP_4_2_0_GA date=200706281411)" implVendor="JBoss Inc." implTitle="JBoss [EAP]" implVendorID="http://www.jboss.org/" implURL="http://www.jboss.org/" sealed="false" md5Digest="ce84408b89997028b0e2d4eabe1e3477"/>
  <jar name="log4j-boot.jar" specVersion="4.2.0.GA" specVendor="JBoss (http://www.jboss.org/)" specTitle="JBoss" implVersion="4.2.0.GA (build: SVNTag=JBPAPP_4_2_0_GA date=200706281411)" implVendor="JBoss Inc." implTitle="JBoss [EAP]" implVendorID="http://www.jboss.org/" implURL="http://www.jboss.org/" sealed="false" md5Digest="2f99a0b1be6ceeb2518b5fffca30c8a5"/>
  <jar name="log4j-snmp-appender.jar" specVersion="4.2.0.GA" specVendor="JBoss (http://www.jboss.org/)" specTitle="JBoss" implVersion="4.2.0.GA (build: SVNTag=JBPAPP_4_2_0_GA date=200706281411)" implVendor="JBoss Inc." implTitle="JBoss [EAP]" implVendorID="http://www.jboss.org/" implURL="http://www.jboss.org/" sealed="false" md5Digest="17f3b53427242fddc93f5c4d2d1dca1a"/>
  <jar name="log4j.jar" specVersion="4.2.0.GA" specVendor="JBoss (http://www.jboss.org/)" specTitle="JBoss" implVersion="4.2.0.GA (build: SVNTag=JBPAPP_4_2_0_GA date=200706281411)" implVendor="JBoss Inc." implTitle="JBoss [EAP]" implVendorID="http://www.jboss.org/" implURL="http://www.jboss.org/" sealed="false" md5Digest="7bfacd8e8abe34afa87a3142990a78be"/>
  <jar name="logging-monitor.jar" specVersion="4.2.0.GA" specVendor="JBoss (http://www.jboss.org/)" specTitle="JBoss" implVersion="4.2.0.GA (build: SVNTag=JBPAPP_4_2_0_GA date=200706281411)" implVendor="JBoss Inc." implTitle="JBoss [EAP]" implVendorID="http://www.jboss.org/" implURL="http://www.jboss.org/" sealed="false" md5Digest="fa95263ce2c78f4242350631275a1f47"/>
  <jar name="logkit.jar" specVersion="1.0" specVendor="Apache Software Foundation" specTitle="JBoss" implVersion="1.2" implVendor="Apache Software Foundation" implTitle="JBoss [EAP]" implVendorID="ASF" implURL="http://www.jboss.org/" sealed="false" md5Digest="fd3d2e9848c0274908da95e76a18099f"/>
  <jar name="mail-plugin.jar" specVersion="4.2.0.GA" specVendor="JBoss (http://www.jboss.org/)" specTitle="JBoss" implVersion="4.2.0.GA (build: SVNTag=JBPAPP_4_2_0_GA date=200706281411)" implVendor="JBoss Inc." implTitle="JBoss [EAP]" implVendorID="http://www.jboss.org/" implURL="http://www.jboss.org/" sealed="false" md5Digest="d5d91446216133792bd7c462b220d9a5"/>
  <jar name="mail.jar" specVersion="1.4" specVendor="Sun Microsystems, Inc." specTitle="JavaMail(TM) API Design Specification" implVersion="1.4" implVendor="Sun Microsystems, Inc." implTitle="JavaMail(TM) API Reference Implementation" implVendorID="com.sun" implURL="http://www.jboss.org/" sealed="false" md5Digest="b10523f86be22b3232e19baa66247e8b"/>
  <jar name="netboot.war" specVersion="4.2.0.GA" specVendor="JBoss (http://www.jboss.org/)" specTitle="JBoss" implVersion="4.2.0.GA (build: SVNTag=JBPAPP_4_2_0_GA date=200706281411)" implVendor="JBoss Inc." implTitle="JBoss [EAP]" implVendorID="http://www.jboss.org/" implURL="http://www.jboss.org/" sealed="false" md5Digest="387c74be79ca32ec667237c02f1d8e2f"/>
  <jar name="otherimages.jar" specVersion="4.2.0.GA" specVendor="JBoss (http://www.jboss.org/)" specTitle="JBoss" implVersion="4.2.0.GA (build: SVNTag=JBPAPP_4_2_0_GA date=200706281411)" implVendor="JBoss Inc." implTitle="JBoss [EAP]" implVendorID="http://www.jboss.org/" implURL="http://www.jboss.org/" sealed="false" md5Digest="162964e03c1bdaa754f7e7c1c3e09089"/>
  <jar name="policy.jar" specVersion="4.2.0.GA" specVendor="Apache Software Foundation" specTitle="" implVersion="1.0" implVendor="Apache Software Foundation" implTitle="org.apache.ws.policy" implVendorID="http://www.jboss.org/" implURL="http://www.jboss.org/" sealed="false" md5Digest="11ef430fbcf8396505e1b61fb73a4263"/>
  <jar name="properties-plugin.jar" specVersion="4.2.0.GA" specVendor="JBoss (http://www.jboss.org/)" specTitle="JBoss" implVersion="4.2.0.GA (build: SVNTag=JBPAPP_4_2_0_GA date=200706281411)" implVendor="JBoss Inc." implTitle="JBoss [EAP]" implVendorID="http://www.jboss.org/" implURL="http://www.jboss.org/" sealed="false" md5Digest="ea6acc567c12e78aae6e3b50e82bc4a4"/>
  <jar name="quartz-ra.rar" specVersion="4.2.0.GA" specVendor="JBoss (http://www.jboss.org/)" specTitle="JBoss" implVersion="4.2.0.GA (build: SVNTag=JBPAPP_4_2_0_GA date=200706281411)" implVendor="JBoss Inc." implTitle="JBoss [EAP]" implVendorID="http://www.jboss.org/" implURL="http://www.jboss.org/" sealed="false" md5Digest="cc9b15edc7b48121f89056c8685e5a9d"/>
  <jar name="quartz.jar" specVersion="4.2.0.GA" specVendor="JBoss (http://www.jboss.org/)" specTitle="JBoss" implVersion="1.5.2" implVendor="OpenSymphony" implTitle="Quartz Enterprise Job Scheduler" implVendorID="http://www.jboss.org/" implURL="http://www.jboss.org/" sealed="false" md5Digest="8798671d93a00b487bea41af96d232c6"/>
  <jar name="run.jar" specVersion="4.2.0.GA" specVendor="JBoss (http://www.jboss.org/)" specTitle="JBoss" implVersion="4.2.0.GA (build: SVNTag=JBPAPP_4_2_0_GA date=200706281411)" implVendor="JBoss Inc." implTitle="JBoss [EAP]" implVendorID="http://www.jboss.org/" implURL="http://www.jboss.org/" sealed="false" md5Digest="a5c830feca6afb8b487548b80d0d8fbe"/>
  <jar name="scheduler-plugin-example.jar" specVersion="4.2.0.GA" specVendor="JBoss (http://www.jboss.org/)" specTitle="JBoss" implVersion="4.2.0.GA (build: SVNTag=JBPAPP_4_2_0_GA date=200706281411)" implVendor="JBoss Inc." implTitle="JBoss [EAP]" implVendorID="http://www.jboss.org/" implURL="http://www.jboss.org/" sealed="false" md5Digest="8c45a1aea314e34af3ee4337171a12a2"/>
  <jar name="scheduler-plugin.jar" specVersion="4.2.0.GA" specVendor="JBoss (http://www.jboss.org/)" specTitle="JBoss" implVersion="4.2.0.GA (build: SVNTag=JBPAPP_4_2_0_GA date=200706281411)" implVendor="JBoss Inc." implTitle="JBoss [EAP]" implVendorID="http://www.jboss.org/" implURL="http://www.jboss.org/" sealed="false" md5Digest="1cdaba86ec4f3b080eb2f39a523411c4"/>
  <jar name="scout.jar" specVersion="4.2.0.GA" specVendor="JBoss (http://www.jboss.org/)" specTitle="JBoss" implVersion="4.2.0.GA (build: SVNTag=JBPAPP_4_2_0_GA date=200706281411)" implVendor="JBoss Inc." implTitle="JBoss [EAP]" implVendorID="http://www.jboss.org/" implURL="http://www.jboss.org/" sealed="false" md5Digest="d6ecd12fabee919bdce025efbaba5ef3"/>
  <jar name="serializer.jar" specVersion="4.2.0.GA" specVendor="JBoss (http://www.jboss.org/)" specTitle="JBoss" implVersion="4.2.0.GA (build: SVNTag=JBPAPP_4_2_0_GA date=200706281411)" implVendor="JBoss Inc." implTitle="JBoss [EAP]" implVendorID="http://www.jboss.org/" implURL="http://www.jboss.org/" sealed="false" md5Digest="afd233abc5b99a7fe2184bca5ded3e61"/>
  <jar name="servlet-api.jar" specVersion="4.2.0.GA" specVendor="JBoss (http://www.jboss.org/)" specTitle="JBoss" implVersion="4.2.0.GA (build: SVNTag=JBPAPP_4_2_0_GA date=200706281411)" implVendor="JBoss Inc." implTitle="JBoss [EAP]" implVendorID="http://www.jboss.org/" implURL="http://www.jboss.org/" sealed="false" md5Digest="2d586b891689c4de215af5c1b9709195"/>
  <jar name="shutdown.jar" specVersion="4.2.0.GA" specVendor="JBoss (http://www.jboss.org/)" specTitle="JBoss" implVersion="4.2.0.GA (build: SVNTag=JBPAPP_4_2_0_GA date=200706281411)" implVendor="JBoss Inc." implTitle="JBoss [EAP]" implVendorID="http://www.jboss.org/" implURL="http://www.jboss.org/" sealed="false" md5Digest="a23f191a9fcaf2e31389defd89573ae6"/>
  <jar name="snmp-adaptor.jar" specVersion="4.2.0.GA" specVendor="JBoss (http://www.jboss.org/)" specTitle="JBoss" implVersion="4.2.0.GA (build: SVNTag=JBPAPP_4_2_0_GA date=200706281411)" implVendor="JBoss Inc." implTitle="JBoss [EAP]" implVendorID="http://www.jboss.org/" implURL="http://www.jboss.org/" sealed="false" md5Digest="36943446b996f8009242f30e931ddb46"/>
  <jar name="stax-api.jar" specVersion="1.0" specVendor="JCP-173" specTitle="StAX" implVersion="1.0" implVendor="JCP" implTitle="StAX 1.0 API" implVendorID="http://www.jboss.org/" implURL="http://www.jboss.org/" sealed="false" md5Digest="553150af587e59f47f3279592cf1ad88"/>
  <jar name="trove.jar" specVersion="4.2.0.GA" specVendor="JBoss (http://www.jboss.org/)" specTitle="JBoss" implVersion="4.2.0.GA (build: SVNTag=JBPAPP_4_2_0_GA date=200706281411)" implVendor="JBoss Inc." implTitle="JBoss [EAP]" implVendorID="http://www.jboss.org/" implURL="http://www.jboss.org/" sealed="false" md5Digest="5e06e732f50c04e3d2cfa03fca75a7b3"/>
  <jar name="twiddle.jar" specVersion="4.2.0.GA" specVendor="JBoss (http://www.jboss.org/)" specTitle="JBoss" implVersion="4.2.0.GA (build: SVNTag=JBPAPP_4_2_0_GA date=200706281411)" implVendor="JBoss Inc." implTitle="JBoss [EAP]" implVendorID="http://www.jboss.org/" implURL="http://www.jboss.org/" sealed="false" md5Digest="302819b6d5804f676f9bb31f26d59d1b"/>
  <jar name="wsdl4j.jar" specVersion="1.2" specVendor="IBM (Java Community Process)" specTitle="JWSDL" implVersion="1.6.2" implVendor="IBM" implTitle="WSDL4J" implVendorID="http://www.jboss.org/" implURL="http://www.jboss.org/" sealed="false" md5Digest="fa280b4a19baf5c2ce59f70213c3725b"/>
  <jar name="wstx.jar" specVersion="1.0" specVendor="http://jcp.org/en/jsr/detail?id=173" specTitle="StAX 1.0 API" implVersion="3.1.1" implVendor="woodstox.codehaus.org" implTitle="WoodSToX XML-processor" implVendorID="http://www.jboss.org/" implURL="http://www.jboss.org/" sealed="false" md5Digest="f3fcca431a44d1f85f4a926d860a487d"/>
  <jar name="xalan.jar" specVersion="4.2.0.GA" specVendor="JBoss (http://www.jboss.org/)" specTitle="JBoss" implVersion="4.2.0.GA (build: SVNTag=JBPAPP_4_2_0_GA date=200706281411)" implVendor="JBoss Inc." implTitle="JBoss [EAP]" implVendorID="http://www.jboss.org/" implURL="http://www.jboss.org/" sealed="false" md5Digest="4815290f91c63113dae3dfb3c0b17163"/>
  <jar name="xercesImpl.jar" specVersion="4.2.0.GA" specVendor="JBoss (http://www.jboss.org/)" specTitle="JBoss" implVersion="4.2.0.GA (build: SVNTag=JBPAPP_4_2_0_GA date=200706281411)" implVendor="JBoss Inc." implTitle="JBoss [EAP]" implVendorID="http://www.jboss.org/" implURL="http://www.jboss.org/" sealed="false" md5Digest="a6de6068556de9359e2baf16456952b0"/>
  <jar name="xmlentitymgr.jar" specVersion="4.2.0.GA" specVendor="JBoss (http://www.jboss.org/)" specTitle="JBoss" implVersion="4.2.0.GA (build: SVNTag=JBPAPP_4_2_0_GA date=200706281411)" implVendor="JBoss Inc." implTitle="JBoss [EAP]" implVendorID="http://www.jboss.org/" implURL="http://www.jboss.org/" sealed="false" md5Digest="a9745e3f930c190c63e2c6b0df0d1d4b"/>
  <jar name="xmlsec.jar" specVersion="4.2.0.GA" specVendor="JBoss (http://www.jboss.org/)" specTitle="JBoss" implVersion="4.2.0.GA (build: SVNTag=JBPAPP_4_2_0_GA date=200706281411)" implVendor="JBoss Inc." implTitle="JBoss [EAP]" implVendorID="http://www.jboss.org/" implURL="http://www.jboss.org/" sealed="false" md5Digest="8c461ca6b04f1e4df066018fbf5f0227"/>
</jar-versions>
