<?xml version="1.0" encoding="UTF-8"?>

<!-- The JBoss service configuration file for the EAR deployer service.
ear-deployer.xml,v 1.1 2007/10/05 17:42:24 spenchik Exp
-->

<!-- FSB:  We modified this file. -->

<server>
   <!-- EAR deployer, remove if you are not using ear deployments -->
   <mbean code="org.jboss.deployment.EARDeployer"
      name="jboss.j2ee:service=EARDeployer">
      <!-- A flag indicating if ear deployments should have their own scoped
      class loader to isolate their classes from other deployments.
      -->
      <attribute name="Isolated">true</attribute> <!-- FSB: we modified this setting. -->
      <!-- A flag indicating if the ear components should have in VM call
      optimization disabled.
      -->
      <attribute name="CallByValue">true</attribute> <!-- FSB: we modified this setting. -->
      <!-- A flag the enables the default behavior of the ee5 library-directory. If true,
      the lib contents of an ear are assumed to be the default value for library-directory
      in the absence of an explicit library-directory. If false, there must be an
      explicit library-directory.
      -->
      <attribute name="EnablelibDirectoryByDefault">true</attribute>
   </mbean>
</server>
