<?xml version="1.0" encoding="UTF-8"?>

<!--
 !________________________________________________________________________________________
 !
 !  Lending Oracle data source configuration.       LOCAL Environment.
 !
 !  FSB:  We added this file.
 !
 !  Convention:  All JNDI data source names must be of the form:
 !                   jdbc.datasource.<<pool-name>>DataSource
 !               where
 !                   pool-name might be Bravura, Web1, etc.
 !________________________________________________________________________________________
 !                                                           
 !    /////                       //     /                   
 !      /                          /                         
 !      /                          /                         
 !      /      /////  // //    /////   ///    // //    //////
 !      /     /     /  //  /  /    /     /     //  /  /    / 
 !      /     ///////  /   /  /    /     /     /   /  /    / 
 !      /     /        /   /  /    /     /     /   /  /    / 
 !      /   / /     /  /   /  /    /     /     /   /   ///// 
 !    ///////  /////  /// ///  //////  /////  /// ///      / 
 !                                                         / 
 !                                                     ////  
 !
 !    /////                             //   
 !      /                                /   
 !      /                                /   
 !      /      /////   /////   ////      /   
 !      /     /     / /     /      /     /   
 !      /     /     / /        /////     /   
 !      /     /     / /       /    /     /   
 !      /   / /     / /     / /    /     /   
 !    ///////  /////   /////   //// /  ///// 
 !________________________________________________________________________________________
 !-->

<datasources>

    <!--  Funding Data Source  -->
    <local-tx-datasource>
        <jndi-name>jdbc.datasource.FundingDataSource</jndi-name>
        <driver-class>oracle.jdbc.driver.OracleDriver</driver-class>
        <connection-url>
            jdbc:oracle:thin:@
                (DESCRIPTION =
                  (FAILOVER = on)
                  (LOAD_BALANCE = on)
                  (ADDRESS_LIST =
                    (ADDRESS = (PROTOCOL = TCP)(HOST = mtrnp01.staging.flagstar.com)(PORT = 1521))
                    (ADDRESS = (PROTOCOL = TCP)(HOST = mtrnp01-vip.staging.flagstar.com)(PORT = 1526))
                  )
                  (CONNECT_DATA = 
                    (SERVER = dedicated)
                    (SERVICE_NAME = DBRAV.WORLD)
                  )
                )
        </connection-url>
        <user-name>los_appid</user-name>
        <password>los</password>
        <valid-connection-checker-class-name>org.jboss.resource.adapter.jdbc.vendor.OracleValidConnectionChecker</valid-connection-checker-class-name>
        <exception-sorter-class-name>org.jboss.resource.adapter.jdbc.vendor.OracleExceptionSorter</exception-sorter-class-name>
        <metadata><type-mapping>Oracle9i</type-mapping></metadata><!-- FSB: Must use 9i for now; JBoss currently handles 10g via 9i. -->
        <use-java-context>false</use-java-context>
        <min-pool-size>0</min-pool-size>
        <max-pool-size>42</max-pool-size>
        <idle-timeout-minutes>20</idle-timeout-minutes>
        <track-statements>true</track-statements>
    </local-tx-datasource>
    
    <!--  Mortrac Bravura Data Source  -->
    <local-tx-datasource>
        <jndi-name>jdbc.datasource.MortracBravuraDataSource</jndi-name>
        <driver-class>oracle.jdbc.driver.OracleDriver</driver-class>
        <connection-url>
            jdbc:oracle:thin:@
                (DESCRIPTION =
                  (FAILOVER = on)
                  (LOAD_BALANCE = on)
                  (ADDRESS_LIST =
                    (ADDRESS = (PROTOCOL = TCP)(HOST = mtrnp01-vip.staging.flagstar.com)(PORT = 1521))
                    (ADDRESS = (PROTOCOL = TCP)(HOST = mtrnp01-vip.staging.flagstar.com)(PORT = 1526))
                  )
                  (CONNECT_DATA = 
                    (SERVER = dedicated)
                    (SERVICE_NAME = DBRAV.WORLD)
                  )
                )
        </connection-url>
        <user-name>los_appid</user-name>
        <password>los</password>
        <valid-connection-checker-class-name>org.jboss.resource.adapter.jdbc.vendor.OracleValidConnectionChecker</valid-connection-checker-class-name>
        <exception-sorter-class-name>org.jboss.resource.adapter.jdbc.vendor.OracleExceptionSorter</exception-sorter-class-name>
        <metadata><type-mapping>Oracle9i</type-mapping></metadata><!-- FSB: Must use 9i for now; JBoss currently handles 10g via 9i. -->
        <use-java-context>false</use-java-context>
        <min-pool-size>0</min-pool-size>
        <max-pool-size>42</max-pool-size>
        <idle-timeout-minutes>20</idle-timeout-minutes>
     </local-tx-datasource>
     <!--  Datawarehouse Data Source  -->
        <local-tx-datasource>
            <jndi-name>jdbc.datasource.PostclosingDatawarehouseDataSource</jndi-name>
            <driver-class>oracle.jdbc.driver.OracleDriver</driver-class>
            <connection-url>
                jdbc:oracle:thin:@
                    (DESCRIPTION =
                      (ENABLE = Broken)
                      (LOAD_BALANCE = Yes)
                      (ADDRESS_LIST =
                        (ADDRESS = (PROTOCOL = TCP) (HOST = dwdbd1.dev.flagstar.com) (PORT = 1521))
                      )
                      (CONNECT_DATA = (SERVICE_NAME = DDW.WORLD))
                    )
            </connection-url>
            <user-name>dm_postcls_appid</user-name>
            <password>dmpostclsappid</password>
            <exception-sorter-class-name>org.jboss.resource.adapter.jdbc.vendor.OracleExceptionSorter</exception-sorter-class-name>
            <metadata><type-mapping>Oracle9i</type-mapping></metadata><!-- FSB: Must use 9i for now; JBoss currently handles 10g via 9i. -->
            <use-java-context>false</use-java-context>
            <min-pool-size>0</min-pool-size>
            <max-pool-size>42</max-pool-size>
            <idle-timeout-minutes>20</idle-timeout-minutes>
            <track-statements>true</track-statements>
    </local-tx-datasource>
</datasources>
