<?xml version="1.0" encoding="UTF-8"?>

<!--
 !________________________________________________________________________________________
 !
 !  Payoff data source configuration.    LOCAL Environment.
 !
 !  FSB:  We added this file.
 !________________________________________________________________________________________
 !
 !  Servicing (Payoff) Module Local DataSource
 !________________________________________________________________________________________
 !-->
<datasources>

    <!-- Bravura Data Source -->
    <xa-datasource>
        <jndi-name>jdbc.datasource.PayoffBravuraDataSource</jndi-name>
        <track-connection-by-tx/>
        <isSameRM-override-value>false</isSameRM-override-value>
        <xa-datasource-class>oracle.jdbc.xa.client.OracleXADataSource</xa-datasource-class>
        <xa-datasource-property name="URL">
            jdbc:oracle:thin:@(DESCRIPTION=
	        			(FAILOVER=on)
	        			(LOAD_BALANCE=on)
	        			(ADDRESS_LIST=
	    		      (ADDRESS= (PROTOCOL=TCP) (HOST=mtrnp01-vip.staging.flagstar.com) (PORT=1521))
	    		      (ADDRESS= (PROTOCOL=TCP) (HOST=mtrnp01-vip.staging.flagstar.com) (PORT=1526))
	    		    )
	    		    (CONNECT_DATA= (SERVER=dedicated) (SERVICE_NAME=DBRAV.world))
		  )
        </xa-datasource-property>
        <xa-datasource-property name="User">los_appid</xa-datasource-property>
        <xa-datasource-property name="Password">los</xa-datasource-property>

        <exception-sorter-class-name>org.jboss.resource.adapter.jdbc.vendor.OracleExceptionSorter</exception-sorter-class-name>

        <no-tx-separate-pools/>
        <metadata><type-mapping>Oracle9i</type-mapping></metadata><!-- FSB: Must use 9i for now; JBoss currently handles 10g via 9i. -->

        <use-java-context>false</use-java-context>
        <min-pool-size>0</min-pool-size>
        <max-pool-size>5</max-pool-size>
        <idle-timeout-minutes>20</idle-timeout-minutes>
    </xa-datasource>

    <!--  Payoff DataWarehouse Data Source  -->
    <xa-datasource>
        <jndi-name>jdbc.datasource.PayoffDataWarehouseDataSource</jndi-name>
        <track-connection-by-tx/>
        <isSameRM-override-value>false</isSameRM-override-value>
        <xa-datasource-class>oracle.jdbc.xa.client.OracleXADataSource</xa-datasource-class>
        <xa-datasource-property name="URL">
            jdbc:oracle:thin:@
              (DESCRIPTION = 
               (ADDRESS_LIST =
                  (ADDRESS = (PROTOCOL = TCP) (HOST = dwdbd1.dev.flagstar.com) (PORT = 1521))
               )
               (CONNECT_DATA = 
                  (SERVICE_NAME = DDW.WORLD) 
               )
              )
        </xa-datasource-property>
        <xa-datasource-property name="User">dw_payoff_appid</xa-datasource-property>
        <xa-datasource-property name="Password">dw_pyf_pwd1</xa-datasource-property>

        <exception-sorter-class-name>org.jboss.resource.adapter.jdbc.vendor.OracleExceptionSorter</exception-sorter-class-name>

        <no-tx-separate-pools/>
        <metadata><type-mapping>Oracle9i</type-mapping></metadata><!-- FSB: Must use 9i for now; JBoss currently handles 10g via 9i. -->

        <use-java-context>false</use-java-context>
        <min-pool-size>0</min-pool-size>
        <max-pool-size>5</max-pool-size>
        <idle-timeout-minutes>20</idle-timeout-minutes>
    </xa-datasource>

</datasources>
