<?xml version="1.0" encoding="UTF-8"?>

<!--
 !________________________________________________________________________________________
 !
 !  ConsumerLending Oracle/MS-SQL data source configuration.    DEVELOPMENT Environment.
 !
 !  FSB:  We added this file.
 !________________________________________________________________________________________
 !
 !   
 !     ////                                                          /////                       //     /                   
 !    /    /                                                           /                          /                         
 !   /                                                                 /                          /                         
 !   /        /////  // //    /////  //  //  /// /    /////  /// //    /      /////  // //    /////   ///    // //    //////
 !   /       /     /  //  /  /     /  /   /   / / /  /     /   //  /   /     /     /  //  /  /    /     /     //  /  /    / 
 !   /       /     /  /   /   ///     /   /   / / /  ///////   /       /     ///////  /   /  /    /     /     /   /  /    / 
 !   /       /     /  /   /      //   /   /   / / /  /         /       /     /        /   /  /    /     /     /   /  /    / 
 !    /    / /     /  /   /  /     /  /  //   / / /  /     /   /       /   / /     /  /   /  /    /     /     /   /   ///// 
 !     ////   /////  /// ///  /////    // // // / //  /////  /////   ///////  /////  /// ///  //////  /////  /// ///      / 
 !                                                                                                                        /                                                                                                    ////  
 !
 !    /////                             //   
 !      /                                /   
 !      /                                /   
 !      /      /////   /////   ////      /   
 !      /     /     / /     /      /     /   
 !      /     /     / /        /////     /   
 !      /     /     / /       /    /     /   
 !      /   / /     / /     / /    /     /   
 !    ///////  /////   /////   //// /  ///// 
 !________________________________________________________________________________________
 !-->
<datasources>

    <local-tx-datasource>
        <jndi-name>jdbc.datasource.ConsumerLendingDataSource</jndi-name>
        <driver-class>oracle.jdbc.driver.OracleDriver</driver-class>
        <connection-url>
            jdbc:oracle:thin:@
               (DESCRIPTION =
                 (ADDRESS_LIST = 
                   (ADDRESS = (PROTOCOL = TCP)(HOST = fsdbd1.dev.flagstar.com)(PORT = 1526))
                 )
                 (CONNECT_DATA = (SID = DWEB1))
               )            
        </connection-url>
        <user-name>conlending_appid</user-name>
        <password>password</password>
        <valid-connection-checker-class-name>org.jboss.resource.adapter.jdbc.vendor.OracleValidConnectionChecker</valid-connection-checker-class-name>
        <exception-sorter-class-name>org.jboss.resource.adapter.jdbc.vendor.OracleExceptionSorter</exception-sorter-class-name>
        <metadata><type-mapping>Oracle9i</type-mapping></metadata><!-- FSB: Must use 9i for now; JBoss currently handles 10g via 9i. -->
        <use-java-context>false</use-java-context>
        <min-pool-size>0</min-pool-size>
        <max-pool-size>10</max-pool-size>
        <idle-timeout-minutes>20</idle-timeout-minutes>
    </local-tx-datasource>

    <local-tx-datasource>
        <jndi-name>jdbc.datasource.DatawarehouseDataSource</jndi-name>
        <driver-class>oracle.jdbc.driver.OracleDriver</driver-class>
        <connection-url>
            jdbc:oracle:thin:@   
				(DESCRIPTION =
     				(ADDRESS=(PROTOCOL=TCP)(HOST=dwdbd1.dev)(PORT=1521))
     				(CONNECT_DATA=(SID=DDW))
   				)
        </connection-url>
        <user-name>dm_conslend_appid</user-name>
        <password>dm#conslend#appid</password>
        <valid-connection-checker-class-name>org.jboss.resource.adapter.jdbc.vendor.OracleValidConnectionChecker</valid-connection-checker-class-name>
        <exception-sorter-class-name>org.jboss.resource.adapter.jdbc.vendor.OracleExceptionSorter</exception-sorter-class-name>
        <metadata><type-mapping>Oracle9i</type-mapping></metadata><!-- FSB: Must use 9i for now; JBoss currently handles 10g via 9i. -->
        <use-java-context>false</use-java-context>
        <min-pool-size>0</min-pool-size>
        <max-pool-size>10</max-pool-size>
        <idle-timeout-minutes>20</idle-timeout-minutes>
    </local-tx-datasource>

    <local-tx-datasource>
        <jndi-name>jdbc.datasource.ConsumerLendingPasswordCourierDataSource</jndi-name>
        <driver-class>com.microsoft.sqlserver.jdbc.SQLServerDriver</driver-class>
        <connection-url>
            jdbc:jtds:sqlserver://sqltest2000.fstest.adtest.flagstartest.com:1433;databaseName=flagstar
        </connection-url>
        <user-name>loanspquser</user-name>
        <password>loanspq</password>
        <use-java-context>false</use-java-context>
        <min-pool-size>0</min-pool-size>
        <max-pool-size>10</max-pool-size>
        <idle-timeout-minutes>20</idle-timeout-minutes>
    </local-tx-datasource>

</datasources>
