<?xml version="1.0" encoding="UTF-8"?>

<!--
 !________________________________________________________________________________________
 !
 !  Mortrac4 data source configuration.    LOCAL Environment.
 !
 !  FSB:  We added this file.
 !________________________________________________________________________________________
 !
 !    //   //                                                     /  
 !     /   /                    /                                //  
 !     // //                    /                                //  
 !     // //   /////  /// //   ////   /// //   ////    /////    / /  
 !     / / /  /     /   //  /   /       //  /      /  /     /   / /  
 !     / / /  /     /   /       /       /      /////  /        /  /  
 !     /   /  /     /   /       /       /     /    /  /        ///// 
 !     /   /  /     /   /       /  /    /     /    /  /     /     /  
 !    /// ///  /////  /////      //   /////    //// /  /////     /// 
 !   
 !
 !    /////                             //   
 !      /                                /   
 !      /                                /   
 !      /      /////   /////   ////      /   
 !      /     /     / /     /      /     /   
 !      /     /     / /        /////     /   
 !      /     /     / /       /    /     /   
 !      /   / /     / /     / /    /     /   
 !    ///////  /////   /////   //// /  ///// 
 !________________________________________________________________________________________
 !-->
<datasources>

    <!-- Bravura Data Source -->
    <xa-datasource>
        <jndi-name>jdbc.datasource.Mortrac4BravuraDataSource</jndi-name>
        <track-connection-by-tx/>
        <isSameRM-override-value>false</isSameRM-override-value>
        <xa-datasource-class>oracle.jdbc.xa.client.OracleXADataSource</xa-datasource-class>
        <xa-datasource-property name="URL">
           jdbc:oracle:thin:@(DESCRIPTION=
	       			(FAILOVER=on)
	       			(LOAD_BALANCE=on)
	       			(ADDRESS_LIST=
	   		      (ADDRESS= (PROTOCOL=TCP) (HOST=mtrnp01-vip.staging.flagstar.com) (PORT=1521))
	   		      (ADDRESS= (PROTOCOL=TCP) (HOST=mtrnp01-vip.staging.flagstar.com) (PORT=1526))
	   		    )
	   		    (CONNECT_DATA= (SERVER=dedicated) (SERVICE_NAME=DBRAV.world))
		  )
        </xa-datasource-property>
        <xa-datasource-property name="User">los_appid</xa-datasource-property>
        <xa-datasource-property name="Password">los</xa-datasource-property>

        <exception-sorter-class-name>org.jboss.resource.adapter.jdbc.vendor.OracleExceptionSorter</exception-sorter-class-name>

        <no-tx-separate-pools/>
        <metadata><type-mapping>Oracle9i</type-mapping></metadata><!-- FSB: Must use 9i for now; JBoss currently handles 10g via 9i. -->

        <use-java-context>false</use-java-context>
        <min-pool-size>0</min-pool-size>
        <max-pool-size>5</max-pool-size>
        <idle-timeout-minutes>20</idle-timeout-minutes>
    </xa-datasource>

    <!-- Web1 Data Source -->
    <xa-datasource>
        <jndi-name>jdbc.datasource.Mortrac4Web1DataSource</jndi-name>
        <track-connection-by-tx/>
        <isSameRM-override-value>false</isSameRM-override-value>
        <xa-datasource-class>oracle.jdbc.xa.client.OracleXADataSource</xa-datasource-class>
        <xa-datasource-property name="URL">
           jdbc:oracle:thin:@
               (DESCRIPTION =
                 (ADDRESS_LIST = 
                  (ADDRESS = (PROTOCOL = TCP)(HOST = fsdbd1.dev.flagstar.com)(PORT = 1526))
                 )
                  (CONNECT_DATA = (SID = DWEB1))
               )
        </xa-datasource-property>
        <xa-datasource-property name="User">los_appid</xa-datasource-property>
        <xa-datasource-property name="Password">los</xa-datasource-property>

        <exception-sorter-class-name>org.jboss.resource.adapter.jdbc.vendor.OracleExceptionSorter</exception-sorter-class-name>
        <metadata><type-mapping>Oracle9i</type-mapping></metadata><!-- FSB: Must use 9i for now; JBoss currently handles 10g via 9i. -->

        <use-java-context>false</use-java-context>
        <min-pool-size>0</min-pool-size>
        <max-pool-size>5</max-pool-size>
        <idle-timeout-minutes>20</idle-timeout-minutes>
    </xa-datasource>

    <!--  Archive Data Source  -->
    <xa-datasource>
        <jndi-name>jdbc.datasource.Mortrac4ArchiveDataSource</jndi-name>
        <track-connection-by-tx/>
        <isSameRM-override-value>false</isSameRM-override-value>
        <xa-datasource-class>oracle.jdbc.xa.client.OracleXADataSource</xa-datasource-class>
        <xa-datasource-property name="URL">
            jdbc:oracle:thin:@
               (DESCRIPTION =
                 (ADDRESS_LIST = 
                  (ADDRESS = (PROTOCOL = TCP)(HOST = fsdbd1.dev.flagstar.com)(PORT = 1526))
                 )
                  (CONNECT_DATA = (SID = DARCH))
               )  
        </xa-datasource-property>
        <xa-datasource-property name="User">los_appid</xa-datasource-property>
        <xa-datasource-property name="Password">los</xa-datasource-property>

        <exception-sorter-class-name>org.jboss.resource.adapter.jdbc.vendor.OracleExceptionSorter</exception-sorter-class-name>

        <no-tx-separate-pools/>
        <metadata><type-mapping>Oracle9i</type-mapping></metadata><!-- FSB: Must use 9i for now; JBoss currently handles 10g via 9i. -->

        <use-java-context>false</use-java-context>
        <min-pool-size>0</min-pool-size>
        <max-pool-size>5</max-pool-size>
        <idle-timeout-minutes>20</idle-timeout-minutes>
    </xa-datasource>


    <!-- Already in fsb-mortrac-*-ds.xml file...
    <mbean code="org.jboss.resource.adapter.jdbc.vendor.OracleXAExceptionFormatter" 
           name="jboss.jca:service=OracleXAExceptionFormatter">
        <depends optional-attribute-name="TransactionManagerService">jboss:service=TransactionManager</depends>
    </mbean>
    -->

</datasources>
