<?xml version="1.0" encoding="UTF-8" ?>
<!DOCTYPE server>

<!--
 !________________________________________________________________________________________
 !
 !      Security login (JAAS) configuration service for Mortrac security domain.
 !      
 !      FSB:  We added this file.
 !________________________________________________________________________________________
 !-->

<server>
    <mbean code="org.jboss.security.auth.login.DynamicLoginConfig"
           name="jboss:service=DynamicLoginConfig">

        <attribute name="AuthConfig">fsb-mortrac-login-config.xml</attribute>
        <depends optional-attribute-name="LoginConfigService">
            jboss.security:service=XMLLoginConfig
        </depends>
        <depends optional-attribute-name="SecurityManagerService">
            jboss.security:service=JaasSecurityManager
        </depends>
    </mbean>
</server>

