<?xml version="1.0" encoding="UTF-8"?>

<!--
 !________________________________________________________________________________________
 !
 !  Flagstar Security DataSource for Lending Application.
 !
 !  FSB:  We added this file.
 !
 !  Convention:  All JNDI data source names must be of the form:
 !                   jdbc.datasource.<<pool-name>>DataSource
 !               where
 !                   pool-name might be Bravura, Web1, etc.
 !________________________________________________________________________________________
 !                                                           
 !  LOCAL
 !________________________________________________________________________________________
 !-->

<datasources>

    <!--  Web1 Data Source for Flagstar Security Module  -->
    <local-tx-datasource>
        <jndi-name>jdbc.datasource.FlagstarSecurityWeb1DataSource</jndi-name>
        <driver-class>oracle.jdbc.driver.OracleDriver</driver-class>
        <connection-url>
            jdbc:oracle:thin:@
                (DESCRIPTION =
                  (ADDRESS_LIST =
                    (ADDRESS = (PROTOCOL = TCP)(Host = fsdbd1.dev.flagstar.com)(Port = 1526))
                  )
                  (CONNECT_DATA = (SID = DWEB1))
                )
        </connection-url>
        <user-name>appsecurity_appid</user-name>
        <password>f6cS3cUs3r</password>
        <valid-connection-checker-class-name>org.jboss.resource.adapter.jdbc.vendor.OracleValidConnectionChecker</valid-connection-checker-class-name>
        <exception-sorter-class-name>org.jboss.resource.adapter.jdbc.vendor.OracleExceptionSorter</exception-sorter-class-name>
        <metadata><type-mapping>Oracle9i</type-mapping></metadata><!-- FSB: Must use 9i for now; JBoss currently handles 10g via 9i. -->
        <use-java-context>false</use-java-context>
        <min-pool-size>0</min-pool-size>
        <max-pool-size>20</max-pool-size>
        <idle-timeout-minutes>20</idle-timeout-minutes>
    </local-tx-datasource>

</datasources>
