<?xml version="1.0" encoding="UTF-8"?>

<!--
 !________________________________________________________________________________________
 !
 !  Commissions Oracle data source configuration.    LOCAL Environment.
 !
 !  FSB:  We added this file.
 !________________________________________________________________________________________
 !
 !     ////                             /                       /                           
 !    /    /                                                                                
 !   /                                                                                      
 !   /        /////  /// /   /// /    ///     /////   /////   ///     /////  // //    ///// 
 !   /       /     /  / / /   / / /     /    /     / /     /    /    /     /  //  /  /     /
 !   /       /     /  / / /   / / /     /     ///     ///       /    /     /  /   /   ///   
 !   /       /     /  / / /   / / /     /        //      //     /    /     /  /   /      // 
 !    /    / /     /  / / /   / / /     /    /     / /     /    /    /     /  /   /  /     /
 !     ////   /////  // / // // / //  /////   /////   /////   /////   /////  /// ///  ///// 
 !   
 !
 !    /////                             //   
 !      /                                /   
 !      /                                /   
 !      /      /////   /////   ////      /   
 !      /     /     / /     /      /     /   
 !      /     /     / /        /////     /   
 !      /     /     / /       /    /     /   
 !      /   / /     / /     / /    /     /   
 !    ///////  /////   /////   //// /  ///// 
 !________________________________________________________________________________________
 !-->

<datasources>

    <local-tx-datasource>
        <jndi-name>jdbc.datasource.CommissionsSource</jndi-name>
        <driver-class>oracle.jdbc.OracleDriver</driver-class>
        <connection-url>
           jdbc:oracle:thin:@
               (DESCRIPTION =
                 (ADDRESS_LIST = 
                   (ADDRESS = (PROTOCOL = TCP)(HOST = fsdbd1.dev.flagstar.com)(PORT = 1526))
                 )
                 (CONNECT_DATA = (SID = DCOMM))
               )         
        </connection-url>
        <user-name>commission_appid</user-name>
        <password>commission</password>
        <valid-connection-checker-class-name>org.jboss.resource.adapter.jdbc.vendor.OracleValidConnectionChecker</valid-connection-checker-class-name>
        <exception-sorter-class-name>org.jboss.resource.adapter.jdbc.vendor.OracleExceptionSorter</exception-sorter-class-name>
        <metadata>
            <type-mapping>Oracle9i</type-mapping>
        </metadata>
        <use-java-context>false</use-java-context>
    </local-tx-datasource>

    <local-tx-datasource>
        <jndi-name>jdbc.datasource.CommissionsRedesignDataSource</jndi-name>
        <driver-class>oracle.jdbc.OracleDriver</driver-class>
        <connection-url>
           jdbc:oracle:thin:@
               (DESCRIPTION =
                 (ADDRESS_LIST = 
                   (ADDRESS = (PROTOCOL = TCP)(HOST = fsdbd1.dev.flagstar.com)(PORT = 1526))
                 )
                 (CONNECT_DATA = (SID = DCOMM2))
               )        
        </connection-url>
        <user-name>commission_appid</user-name>
        <password>commission</password>
        <valid-connection-checker-class-name>org.jboss.resource.adapter.jdbc.vendor.OracleValidConnectionChecker</valid-connection-checker-class-name>
        <exception-sorter-class-name>org.jboss.resource.adapter.jdbc.vendor.OracleExceptionSorter</exception-sorter-class-name>
        <metadata>
            <type-mapping>Oracle9i</type-mapping>
        </metadata>
        <use-java-context>false</use-java-context>
    </local-tx-datasource>

</datasources>
