<?xml version="1.0" encoding="UTF-8"?>

<!--
 !________________________________________________________________________________________
 !
 !  Lending Oracle data source configuration.       LOCAL Environment.
 !
 !  FSB:  We added this file.
 !
 !  Convention:  All JNDI data source names must be of the form:
 !                   jdbc.datasource.<<pool-name>>DataSource
 !               where
 !                   pool-name might be Bravura, Web1, etc.
 !________________________________________________________________________________________
 !                                                           
 !    /////                       //     /                   
 !      /                          /                         
 !      /                          /                         
 !      /      /////  // //    /////   ///    // //    //////
 !      /     /     /  //  /  /    /     /     //  /  /    / 
 !      /     ///////  /   /  /    /     /     /   /  /    / 
 !      /     /        /   /  /    /     /     /   /  /    / 
 !      /   / /     /  /   /  /    /     /     /   /   ///// 
 !    ///////  /////  /// ///  //////  /////  /// ///      / 
 !                                                         / 
 !                                                     ////  
 !
 !    /////                             //   
 !      /                                /   
 !      /                                /   
 !      /      /////   /////   ////      /   
 !      /     /     / /     /      /     /   
 !      /     /     / /        /////     /   
 !      /     /     / /       /    /     /   
 !      /   / /     / /     / /    /     /   
 !    ///////  /////   /////   //// /  ///// 
 !________________________________________________________________________________________
 !-->

<datasources>

    <!--  Bravura Data Source  -->
    <local-tx-datasource>
        <jndi-name>jdbc.datasource.BravuraDataSource</jndi-name>
        <driver-class>oracle.jdbc.driver.OracleDriver</driver-class>
        <connection-url>
           jdbc:oracle:thin:@(DESCRIPTION=
	       			(FAILOVER=on)
	       			(LOAD_BALANCE=on)
	       			(ADDRESS_LIST=
	   		      (ADDRESS= (PROTOCOL=TCP) (HOST=mtrnp01-vip.staging.flagstar.com) (PORT=1521))
	   		      (ADDRESS= (PROTOCOL=TCP) (HOST=mtrnp01-vip.staging.flagstar.com) (PORT=1526))
	   		    )
	   		    (CONNECT_DATA= (SERVER=dedicated) (SERVICE_NAME=DBRAV.world))
		  )
        </connection-url>
        <user-name>los_appid</user-name>
        <password>los</password>
        <valid-connection-checker-class-name>org.jboss.resource.adapter.jdbc.vendor.OracleValidConnectionChecker</valid-connection-checker-class-name>
        <exception-sorter-class-name>org.jboss.resource.adapter.jdbc.vendor.OracleExceptionSorter</exception-sorter-class-name>
        <metadata><type-mapping>Oracle9i</type-mapping></metadata><!-- FSB: Must use 9i for now; JBoss currently handles 10g via 9i. -->
        <use-java-context>false</use-java-context>
        <min-pool-size>0</min-pool-size>
        <max-pool-size>42</max-pool-size>
        <idle-timeout-minutes>20</idle-timeout-minutes>
    </local-tx-datasource>

    <!--  Web1 Data Source  -->
    <local-tx-datasource>
        <jndi-name>jdbc.datasource.Web1DataSource</jndi-name>
        <driver-class>oracle.jdbc.driver.OracleDriver</driver-class>
        <connection-url>
            jdbc:oracle:thin:@
                (DESCRIPTION =
                  (ADDRESS_LIST =
                    (ADDRESS = (PROTOCOL = TCP)(Host = fsdbd1.dev.flagstar.com)(Port = 1526))
                  )
                  (CONNECT_DATA = (SID = DWEB1))
                )
        </connection-url>
        <user-name>los_appid</user-name>
        <password>los</password>
        <valid-connection-checker-class-name>org.jboss.resource.adapter.jdbc.vendor.OracleValidConnectionChecker</valid-connection-checker-class-name>
        <exception-sorter-class-name>org.jboss.resource.adapter.jdbc.vendor.OracleExceptionSorter</exception-sorter-class-name>
        <metadata><type-mapping>Oracle9i</type-mapping></metadata><!-- FSB: Must use 9i for now; JBoss currently handles 10g via 9i. -->
        <use-java-context>false</use-java-context>
        <min-pool-size>0</min-pool-size>
        <max-pool-size>20</max-pool-size>
        <idle-timeout-minutes>20</idle-timeout-minutes>
    </local-tx-datasource>

    <!--  RBrav Data Source  -->
    <local-tx-datasource>
        <jndi-name>jdbc.datasource.RbravDataSource</jndi-name>
        <driver-class>oracle.jdbc.driver.OracleDriver</driver-class> 
        <connection-url>jdbc:oracle:thin:@(DESCRIPTION=
    			(FAILOVER=on)
    			(LOAD_BALANCE=on)
    			(ADDRESS_LIST=
		      (ADDRESS= (PROTOCOL=TCP) (HOST=mtrnp01-vip.staging.flagstar.com) (PORT=1521))
		      (ADDRESS= (PROTOCOL=TCP) (HOST=mtrnp01-vip.staging.flagstar.com) (PORT=1526))
		    )
		    (CONNECT_DATA= (SERVER=dedicated) (SERVICE_NAME=DBRAV.world))
		  )
        </connection-url>
        <user-name>los_appid</user-name>
        <password>los</password>
        <valid-connection-checker-class-name>org.jboss.resource.adapter.jdbc.vendor.OracleValidConnectionChecker</valid-connection-checker-class-name>
        <exception-sorter-class-name>org.jboss.resource.adapter.jdbc.vendor.OracleExceptionSorter</exception-sorter-class-name>
        <metadata><type-mapping>Oracle9i</type-mapping></metadata><!-- FSB: Must use 9i for now; JBoss currently handles 10g via 9i. -->
        <use-java-context>false</use-java-context>
        <min-pool-size>0</min-pool-size>
        <max-pool-size>20</max-pool-size>
        <idle-timeout-minutes>20</idle-timeout-minutes>
    </local-tx-datasource>

    <!--  Commission Data Source  -->
    <local-tx-datasource>
        <jndi-name>jdbc.datasource.CommissionDataSource</jndi-name>
        <driver-class>oracle.jdbc.driver.OracleDriver</driver-class>
        <connection-url>
           jdbc:oracle:thin:@
               (DESCRIPTION =
                  (ADDRESS_LIST =
                    (ADDRESS = (PROTOCOL = TCP)(Host = fsdbt1.test.flagstar.com)(Port = 1521))
                  )
                  (CONNECT_DATA = (SID = TCOMM))
                )           
        </connection-url>
        <user-name>commission_appid</user-name>
        <password>commission</password>
        <valid-connection-checker-class-name>org.jboss.resource.adapter.jdbc.vendor.OracleValidConnectionChecker</valid-connection-checker-class-name>
        <exception-sorter-class-name>org.jboss.resource.adapter.jdbc.vendor.OracleExceptionSorter</exception-sorter-class-name>
        <metadata><type-mapping>Oracle9i</type-mapping></metadata><!-- FSB: Must use 9i for now; JBoss currently handles 10g via 9i. -->
        <use-java-context>false</use-java-context>
        <min-pool-size>0</min-pool-size>
        <max-pool-size>10</max-pool-size>
        <idle-timeout-minutes>20</idle-timeout-minutes>
    </local-tx-datasource>

    <!--  Rates Data Source  -->
    <local-tx-datasource>
        <jndi-name>jdbc.datasource.RatesDataSource</jndi-name>
        <driver-class>oracle.jdbc.driver.OracleDriver</driver-class>
        <connection-url>
            jdbc:oracle:thin:@(DESCRIPTION=
	        			(FAILOVER=on)
	        			(LOAD_BALANCE=on)
	        			(ADDRESS_LIST=
	    		      (ADDRESS= (PROTOCOL=TCP) (HOST=mtrnp01-vip.staging.flagstar.com) (PORT=1521))
	    		      (ADDRESS= (PROTOCOL=TCP) (HOST=mtrnp01-vip.staging.flagstar.com) (PORT=1526))
	    		    )
	    		    (CONNECT_DATA= (SERVER=dedicated) (SERVICE_NAME=DBRAV.world))
		  )
        </connection-url>
        <user-name>rate_appid</user-name>
        <password>rate</password>
        <valid-connection-checker-class-name>org.jboss.resource.adapter.jdbc.vendor.OracleValidConnectionChecker</valid-connection-checker-class-name>
        <exception-sorter-class-name>org.jboss.resource.adapter.jdbc.vendor.OracleExceptionSorter</exception-sorter-class-name>
        <metadata><type-mapping>Oracle9i</type-mapping></metadata><!-- FSB: Must use 9i for now; JBoss currently handles 10g via 9i. -->
        <use-java-context>false</use-java-context>
        <min-pool-size>0</min-pool-size>
        <max-pool-size>3</max-pool-size>
        <idle-timeout-minutes>20</idle-timeout-minutes>
    </local-tx-datasource>

    <!--  Project Data Source  -->
    <local-tx-datasource>
        <jndi-name>jdbc.datasource.ProjectDataSource</jndi-name>
        <driver-class>oracle.jdbc.driver.OracleDriver</driver-class>
        <connection-url>
           jdbc:oracle:thin:@
               (DESCRIPTION =
                  (ADDRESS_LIST =
                    (ADDRESS = (PROTOCOL = TCP)(Host = dbprod1.flagstar.com)(Port = 1521))
                  )
                  (CONNECT_DATA = (SID = PROJ))
                )
        </connection-url>
        <user-name>proj_appid</user-name>
        <password>proj</password>
        <valid-connection-checker-class-name>org.jboss.resource.adapter.jdbc.vendor.OracleValidConnectionChecker</valid-connection-checker-class-name>
        <exception-sorter-class-name>org.jboss.resource.adapter.jdbc.vendor.OracleExceptionSorter</exception-sorter-class-name>
        <metadata><type-mapping>Oracle9i</type-mapping></metadata><!-- FSB: Must use 9i for now; JBoss currently handles 10g via 9i. -->
        <use-java-context>false</use-java-context>
        <min-pool-size>0</min-pool-size>
        <max-pool-size>5</max-pool-size>
        <idle-timeout-minutes>20</idle-timeout-minutes>
    </local-tx-datasource>

    <!--  Archive Data Source  -->
    <local-tx-datasource>
        <jndi-name>jdbc.datasource.ArchiveDataSource</jndi-name>
        <driver-class>oracle.jdbc.driver.OracleDriver</driver-class>
        <connection-url>
           jdbc:oracle:thin:@
               (DESCRIPTION =
                 (ADDRESS_LIST = 
                   (ADDRESS = (PROTOCOL = TCP)(HOST = fsdbd1.dev.flagstar.com)(PORT = 1526))
                 )
                 (CONNECT_DATA = (SID = DARCH))
               )
        </connection-url>
        <user-name>arch_appid</user-name>
        <password>arch</password>
        <valid-connection-checker-class-name>org.jboss.resource.adapter.jdbc.vendor.OracleValidConnectionChecker</valid-connection-checker-class-name>
        <exception-sorter-class-name>org.jboss.resource.adapter.jdbc.vendor.OracleExceptionSorter</exception-sorter-class-name>
        <metadata><type-mapping>Oracle9i</type-mapping></metadata><!-- FSB: Must use 9i for now; JBoss currently handles 10g via 9i. -->
        <use-java-context>false</use-java-context>
    </local-tx-datasource>

</datasources>
