<?xml version="1.0"?>
<project name="MortracIncomeVerificationModule" basedir=".">

	<property name="basedir.build" value="${basedir}" />
	<property name="appname" value="mortrac" />
	<property name="income.verification.appname" value="incomeverification" />

	<!--
     !  Build Environment...
     !     Environment variables will be prefixed with "env.", for example, env.JAVA_HOME.
     !     Load enviroment variables first, then user's settings.
     !-->
	<property environment="env" />
	<property file="${basedir.build}/${user.name}.build.env.properties" />
	<property file="${basedir.build}/build.env.properties" />

	<!--
     !  Build Dependency Properties...
     !     Load user's properties first, then default properties.
     !-->
	<property file="${basedir.build}/${user.name}.build.depends.properties" />
	<property file="${basedir.build}/build.depends.properties" />

	<!--
     !  Build Properties...
     !     Load user's properties first, then default properties.
     !-->
	<property file="${basedir.build}/${user.name}.build.properties" />
	<property file="${basedir.build}/build.properties" />

	<!--
     !  JBoss Build Properties...
     !     Load user's properties first, then default properties.
     !-->
	<property file="${jboss.build.home.dir}/build.depends.properties" />
	<property file="${jboss.build.home.dir}/build.properties" />


	<!--
     !__________________________________________________________________
     !
     !              S T A T I C   P R O P E R T I E S
     !__________________________________________________________________
     !-->
	<property name="main.src.dir" value="src/java" />
	<property name="test.src.dir" value="test/unit/java" />
	<property name="tmp.junit.dir" value="${tmp.dir}/unittest" />
	<property name="build.dir" value="${dist.classes.dir}" />
	<property name="exploded.war.dir" value="${dist.exploded.ear.dir}/${income.verification.appname}.war" />

	<!--
	 !__________________________________________________________________
	 !
	 ! CLASS PATH IDs
	 !__________________________________________________________________
	 !-->
	<path id="log4j.classpath">
		<fileset dir="${log4j.lib.dir}" includes="*.jar" />
	</path>
	<path id="spring-framework.classpath">
		<fileset dir="${tools.rt.lib.dir}/spring-framework-2.5.1" includes="*.jar" />
	</path>
	<path id="jaxb.classpath">
		<fileset dir="${tools.rt.lib.dir}/jaxb-2.1" includes="*.jar" />
	</path>
	<path id="junit.classpath">
		<fileset dir="${junit.lib.dir}" includes="*.jar" />
	</path>
	<path id="commons-lang.classpath">
		<fileset dir="${tools.rt.lib.dir}/commons-lang-${commons-lang.version}" includes="commons-lang-${commons-lang.version}.jar" />
	</path>
	<path id="commons-logging.classpath">
		<fileset dir="${tools.rt.lib.dir}/commons-logging-${commons-logging.version}" includes="commons-logging-${commons-logging.version}.jar" />
	</path>
	<path id="commons-httpclient.classpath">
		<fileset dir="${tools.rt.lib.dir}/commons-httpclient-${commons-httpclient.version}" includes="commons-httpclient-${commons-httpclient.version}.jar" />
	</path>
	<path id="commons-dbcp.classpath">
		<fileset dir="${tools.rt.lib.dir}/commons-dbcp-${commons-dbcp.version}" includes="commons-dbcp-${commons-dbcp.version}.jar" />
	</path>
	<path id="commons-pool.classpath">
		<fileset dir="${tools.rt.lib.dir}/commons-pool-${commons-pool.version}" includes="commons-pool-${commons-pool.version}.jar" />
	</path>
	<path id="commons-codec.classpath">
		<fileset dir="${tools.rt.lib.dir}/commons-codec-1.3" includes="commons-codec-1.3.jar" />
	</path>
	<path id="commons-digester.classpath">
		<fileset dir="${tools.rt.lib.dir}/commons-digester-${commons-digester.version}" includes="commons-digester-${commons-digester.version}.jar" />
	</path>
	<path id="commons-beanutil.classpath">
		<fileset dir="${tools.rt.lib.dir}/commons-beanutil-${commons-beanutil.version}" includes="commons-beanutil-${commons-beanutil.version}.jar" />
	</path>
	<path id="commons-collections.classpath">
		<fileset dir="${tools.rt.lib.dir}/commons-collections-${commons-collections.version}" includes="commons-collections-${commons-beanutil.version}.jar" />
	</path>
	<path id="commons-configuration.classpath">
		<fileset dir="${tools.rt.lib.dir}/commons-configuration-${commons-configuration.version}" includes="commons-configuration-${commons-configuration.version}.jar" />
	</path>
	<path id="fsbcommons-core.classpath">
		<fileset dir="${fsbcommons-core.lib.dir}" includes="${fsbcommons-core.lib.pat}" />
	</path>
	<path id="fsb-sofa-commons.classpath">
		<fileset dir="${fsb-sofa-commons.lib.dir}" includes="${fsb-sofa-commons.lib.pat}" />
	</path>
	<path id="income-verification.classpath">
		<fileset dir="${tools.rt.lib.dir}/fsb-services/IncomeVerification" includes="income-verification-1.0.jar" />
	</path>

	<path id="master-classpath">
		<fileset dir="${tools.rt.lib.dir}/jboss-eap-4.2/client">
			<include name="servlet-api.jar" />
		</fileset>
		<fileset dir="${lib.dir}">
			<include name="j2ee.jar" />
		</fileset>
		<path refid="jaxb.classpath" />
		<path refid="fsb-sofa-commons.classpath" />
		<path refid="commons-lang.classpath" />
		<path refid="commons-httpclient.classpath" />
		<path refid="fsbcommons-core.classpath" />
		<path refid="junit.classpath" />
		<path refid="spring-framework.classpath" />
		<path refid="income-verification.classpath" />
	</path>

	<path id="runtime-classpath">
		<path refid="master-classpath" />
		<path refid="commons-logging.classpath" />
		<path refid="commons-dbcp.classpath" />
		<path refid="commons-pool.classpath" />
		<path refid="commons-codec.classpath" />
		<path refid="commons-digester.classpath" />
		<path refid="commons-beanutil.classpath" />
		<path refid="commons-collections.classpath" />
		<path refid="commons-configuration.classpath" />
		<path refid="log4j.classpath" />

		<!--
		<path refid="commons-validator.classpath" />
		
		<pathelement location="${build.dir}" />
		<pathelement location="${bld.web.dir}" />
		<pathelement location="${env.JAVA_HOME}/lib/tools.jar" />
		-->
	</path>

	<!--
	 !__________________________________________________________________
	 !
	 !              MAIN TARGETS
	 !__________________________________________________________________
	 !-->

	<target name="income.verification.all.packaged" depends="clean, comp, junit, deploy.packaged">
	</target>

	<target name="income.verification.all" depends="clean, comp, junit, deploy.exploded">
	</target>

	<!--  Compile Income Verification module classes separately  -->
	<target name="clean">
		<delete includeEmptyDirs="true" failonerror="false">
			<fileset dir="${build.dir}/com/fsb/module/incomeverification" />
		</delete>

		<delete includeEmptyDirs="true" failonerror="false">
			<fileset dir="dist/exploded/mortrac.ear/incomeverification.war">
				<include name="**/*.*" />
			</fileset>
		</delete>
	</target>

	<target name="comp" depends="main.comp,test.comp">
	</target>

	<target name="main.comp">
		<javac destdir="${build.dir}" debug="${tool.javac.debug}" verbose="${tool.javac.verbose}" deprecation="${tool.javac.deprecation}" fork="${tool.javac.fork}" memoryMaximumSize="${tool.javac.memory.max.size}" source="${tool.javac.source.version}" target="${tool.javac.target.version}" nowarn="${tool.javac.nowarn}">

			<classpath refid="master-classpath" />

			<src path="${main.src.dir}" />
			<include name="com/fsb/module/incomeverification/**/*.java" />
			<include name="com/fsb/module/underwriting/**/*.java" />

		</javac>
	</target>

	<target name="test.comp">
		<javac destdir="${build.dir}" debug="${tool.javac.debug}" verbose="${tool.javac.verbose}" deprecation="${tool.javac.deprecation}" fork="${tool.javac.fork}" memoryMaximumSize="${tool.javac.memory.max.size}" source="${tool.javac.source.version}" target="${tool.javac.target.version}" nowarn="${tool.javac.nowarn}">

			<classpath refid="master-classpath" />

			<src path="${test.src.dir}" />
			<include name="com/fsb/module/incomeverification/**/*Test.java" />
			<include name="com/fsb/module/underwriting/**/*Test.java" />

		</javac>
	</target>

	<!--
	 !======================================================================================
	 !  Unit test targets
	 !======================================================================================
	 -->
	<target name="junit.setupenv">
		<copy todir="${build.dir}" preservelastmodified="true" overwrite="true">
			<fileset dir="etc/incomeverification">
				<include name="applicationContext-IncomeVerification.xml" />
				<include name="applicationContext-configuration.xml" />
				<include name="applicationContext-jta.xml" />
				<include name="log4j.properties" />
			</fileset>

			<!--  Copy the XML that are specific for out of container testing -->
			<fileset dir="test/config/incomeverification">
				<include name="datasource.xml" />
				<include name="jdbc.properties" />
			</fileset>

			<!--  Copy the XML that are specific for out of container testing
			<fileset dir="${etc.dir}">
				<include name="jdbc/db.properties" />
				<include name="configuration/master_config.xml" />
				<include name="configuration/framework/menu.xml" />
			</fileset>
		
			<fileset dir="${etc.dir}/configuration" />
			-->
		</copy>
	</target>


	<target name="junit" depends="junit.setupenv">
		<junit printsummary="yes" haltonfailure="no" showoutput="true">

			<classpath refid="runtime-classpath" />
			<classpath>
				<fileset dir="${tools.rt.lib.dir}/ojdbc14-10.2.0.4">
					<include name="ojdbc14-10.2.0.4.jar" />
				</fileset>
			</classpath>

			<jvmarg value="-ea" />
			<jvmarg value="-Xmx640m" />
			<jvmarg value="-Demma.coverage.out.file=${app.name}/${tmp.jcoverage.dir}/coverage.emma" />
			<jvmarg value="-Demma.coverage.out.merge=true" />
			<jvmarg value="-Djava.protocol.handler.pkgs=com.sun.net.ssl.internal.www.protocol" />
			<jvmarg value="-Djavax.net.ssl.trustStore=${env.FSB_DEPLOY_HOME}/jboss-eap-4.2/jboss-as/server/flagstar/conf/fsb.cacerts" />
			<jvmarg value="-Djavax.net.ssl.trustStorePassword=changeit" />
			<jvmarg value="-Djavax.net.ssl.trustStoreType=jks" />
			<jvmarg value="-Djavax.net.ssl.keyStore=${env.FSB_DEPLOY_HOME}/jboss-eap-4.2/jboss-as/server/flagstar/conf/FlagstarClientCerts.jks" />
			<jvmarg value="-Djavax.net.ssl.keyStorePassword=flagstar" />
			<jvmarg value="-Djavax.net.ssl.keyStoreType=jks" />

			<formatter type="xml" usefile="true" />

			<batchtest fork="yes" todir="${tmp.junit.dir}">
				<fileset dir="${test.src.dir}">
					<include name="**/incomeverification/**/*Test.java" />
					<include name="**/underwriting/**/*Test.java" />
				</fileset>
			</batchtest>
		</junit>
	</target>

	<!--
	 !======================================================================================
	 ! Copies the war file to the container.
	 !======================================================================================
	 -->
	<target name="dist" description="Copy the war file to server deploy directory">
		<copy todir="${jboss.flagstar.deploy.dir}" preservelastmodified="true">
			<fileset dir="dist/deploy/ear">
				<include name="incomeverification.war" />
			</fileset>
		</copy>
	</target>

	<target name="deploy.exploded" description="Deploy as an exploded war directory">
		<property name="war.webinf.dir" value="${exploded.war.dir}/WEB-INF" />
		<property name="war.webinf.classes.dir" value="${war.webinf.dir}/classes" />
		<property name="war.webinf.lib.dir" value="${war.webinf.dir}/lib" />

		<mkdir dir="${exploded.war.dir}" />
		<mkdir dir="${war.webinf.dir}" />
		<mkdir dir="${war.webinf.classes.dir}" />
		<mkdir dir="${war.webinf.lib.dir}" />

		<copy todir="${war.webinf.classes.dir}" preservelastmodified="true">
			<fileset dir="dist/classes">
				<include name="com/fsb/module/incomeverification/**/*.class" />
				<include name="com/fsb/module/underwriting/**/*.class" />

				<exclude name="**/*Test.class" />
				<exclude name="**/*Test$*.class" />
				<exclude name="**/*Junit*.class" />
				<!--
				<exclude name="**/Mock*.class" />
				-->
			</fileset>

			<!--  Spring Configuration and log4j property Files  -->
			<fileset dir="etc/incomeverification">
				<include name="log4j.properties" />
				<include name="applicationContext*.xml" />
				<include name="datasource.xml" />
			</fileset>
		</copy>

		<copy todir="${war.webinf.dir}" preservelastmodified="true">
			<fileset dir="etc/web/incomeverification">
				<include name="web.xml" />
				<include name="jboss-web.xml" />
			</fileset>
		</copy>

		<copy todir="${war.webinf.lib.dir}" preservelastmodified="true">
			<path refid="runtime-classpath" />
			<fileset dir="${tools.rt.lib.dir}/ojdbc14-10.2.0.4">
				<include name="ojdbc14-10.2.0.4.jar" />
			</fileset>
		</copy>
	</target>


	<!--
	 !======================================================================================
	 ! Creates the income verification war file.
	 !======================================================================================
	 -->
	<target name="deploy.packaged" description="Packages the application for distribution">
		<tstamp>
			<format property="manifest.gen.time" pattern="MMMM.dd.yyyy hh.mm.ss" />
		</tstamp>

		<war destfile="dist/deploy/ear/incomeverification.war" webxml="etc/web/incomeverification/web.xml">

			<!-- things that need to be in the class path -->
			<classes dir="dist/classes">
				<include name="com/fsb/module/incomeverification/**/*.class" />
				<include name="com/fsb/module/underwriting/**/*.class" />

				<exclude name="**/*Test.class" />
				<exclude name="**/*Test$*.class" />
				<exclude name="**/*Junit*.class" />
				<!--
				<exclude name="**/Mock*.class" />
				-->
			</classes>

			<!--  Log4J  -->
			<classes dir="etc/incomeverification">
				<include name="log4j.properties" />
			</classes>

			<!--  Spring Configuration Files  -->
			<classes dir="etc/incomeverification">
				<include name="applicationContext*.xml" />
			</classes>

			<webinf prefix="WEB-INF" dir="etc/web/incomeverification/">
				<include name="jboss-web.xml" />
			</webinf>

			<lib dir="${tools.rt.lib.dir}/fsb-services/IncomeVerification" includes="income-verification-1.0.jar" />

			<!-- Third party libraries -->
			<lib dir="${tools.rt.lib.dir}/log4j-1.2.14" includes="log4j-1.2.14.jar" />
			<lib dir="${tools.rt.lib.dir}/commons-logging-1.1" includes="commons-logging-1.1.jar" />

			<lib dir="${tools.rt.lib.dir}/spring-framework-2.5.1" includes="spring.jar" />

			<!--
            <lib dir="${tools.rt.lib.dir}/axis-1.4" includes="jaxrpc.jar" />
			-->

		</war>

	</target>

</project>
