<?xml version="1.0" encoding="UTF-8"?>

<!-- standard-jaxws-endpoint-config.xml,v 1.1 2007/07/23 19:21:31 jhallile Exp -->

<!-- FSB: We modified this file -->

<jaxws-config xmlns="urn:jboss:jaxws-config:2.0" xmlns:xsi="http://www.w3.org/2001/XMLSchema-instance" xmlns:javaee="http://java.sun.com/xml/ns/javaee"
              xsi:schemaLocation="urn:jboss:jaxws-config:2.0 jaxws-config_2_0.xsd">

    <endpoint-config>
        <config-name>Standard Endpoint</config-name>
        <!-- 
         !________________________________________________________________________________________
         ! 
         !   FSB:  We added the following stanza.
         !
         !         MessageContext.getOperationMetaData() was returning null if we used
         !         post-handler-chains with JBoss 4.2.0 and JBossWS 2.0.0. 
         !         Note also the reversed order of the handlers. We might not need these multiple
         !         entries if we go with having one single FSB handler that calls out to all of 
         !         the aspects.
         !________________________________________________________________________________________
         !-->
        <pre-handler-chains>
            <javaee:handler-chain>
                <javaee:protocol-bindings>##SOAP11_HTTP</javaee:protocol-bindings>
                <javaee:handler>
                    <javaee:handler-name>ValidationHandler</javaee:handler-name>
                    <javaee:handler-class>com.fsb.sofa.framework.aspects.validation.ValidationHandler</javaee:handler-class>
                </javaee:handler>
                <javaee:handler>
                    <javaee:handler-name>AuthorizationHandler</javaee:handler-name>
                    <javaee:handler-class>com.fsb.sofa.framework.aspects.authorization.AuthorizationHandler</javaee:handler-class>
                </javaee:handler>
                <javaee:handler>
                   <javaee:handler-name>AuthenticationHandler</javaee:handler-name>
                   <javaee:handler-class>com.fsb.sofa.framework.aspects.authentication.AuthenticationHandler</javaee:handler-class>
                </javaee:handler>
                <javaee:handler>
                  <javaee:handler-name>AuditHandler</javaee:handler-name>
                  <javaee:handler-class>com.fsb.sofa.framework.aspects.audit.AuditHandler</javaee:handler-class>
                </javaee:handler>
            </javaee:handler-chain>
        </pre-handler-chains>   
    </endpoint-config>

    <endpoint-config>
        <config-name>Standard WSAddressing Endpoint</config-name>
        <post-handler-chains>
            <javaee:handler-chain>
                <javaee:protocol-bindings>##SOAP11_HTTP</javaee:protocol-bindings>
                <javaee:handler>
                    <javaee:handler-name>WSAddressing Handler</javaee:handler-name>
                    <javaee:handler-class>org.jboss.ws.extensions.addressing.jaxws.WSAddressingServerHandler</javaee:handler-class>
                </javaee:handler>
            </javaee:handler-chain>
        </post-handler-chains>
    </endpoint-config>

    <endpoint-config>
        <config-name>Standard WSSecurity Endpoint</config-name>
        <post-handler-chains>
            <javaee:handler-chain>
                <javaee:protocol-bindings>##SOAP11_HTTP</javaee:protocol-bindings>
                <javaee:handler>
                    <javaee:handler-name>WSSecurity Handler</javaee:handler-name>
                    <javaee:handler-class>org.jboss.ws.extensions.security.jaxws.WSSecurityHandlerServer</javaee:handler-class>
                </javaee:handler>
            </javaee:handler-chain>
        </post-handler-chains>
    </endpoint-config>

</jaxws-config>
