<?xml version="1.0" encoding="UTF-8"?>
<server>
    <!--
     !___________________________________________________________________________________________________
     !
     !  Defines in-footprint service queues.
     !
     !  FSB:  We added this file.
     !___________________________________________________________________________________________________
     !-->
    
    <mbean code="org.jboss.mq.server.jmx.Queue"
           name="jboss.mq.destination:name=jms.queue.MortracInFootprintQueue,service=Queue">
        <attribute name="JNDIName">jms.queue.MortracInFootprintQueue</attribute>
        <depends optional-attribute-name="DestinationManager">jboss.mq:service=DestinationManager</depends>
        
        <attribute name="RedeliveryLimit">5</attribute>       <!-- 5 retries total, -->
        <attribute name="RedeliveryDelay">900000</attribute>  <!-- one every 15 minutes -->
        
    </mbean>

</server>
