<?xml version="1.0" encoding="UTF-8"?>
<!--
 !___________________________________________________________________________________________________
 !
 !  Defines the Route Processing-specific queues/topics.
 !
 !  FSB:  We added this file.
 !___________________________________________________________________________________________________
 !-->
<server>

    <!--
     !___________________________________________________________________________________________________
     !
     !  These queues are used for the route processing framework.  
     !  Please do not add anything else to this framework as we would like to move away from it.
     !
     !    ProcessingQueue    - all steps of the route are added here to complete a route
     !    PrcessingWaitQueue - things are put in here if it is determined that a 
     !                         step/route needs to wait before the next attempt
     !    RouteLogQueue      - logging is done for route processing via this queue - ugly, ugly, ugly
     !___________________________________________________________________________________________________
     !-->
    <mbean code="org.jboss.mq.server.jmx.Queue"
           name="jboss.mq.destination:name=jms.queue.ProcessingQueue,service=Queue">
        <attribute name="JNDIName">jms.queue.ProcessingQueue</attribute>
        <depends optional-attribute-name="DestinationManager">jboss.mq:service=DestinationManager</depends>
    </mbean>

    <mbean code="org.jboss.mq.server.jmx.Queue"
           name="jboss.mq.destination:name=jms.queue.ProcessingWaitQueue,service=Queue">
        <attribute name="JNDIName">jms.queue.ProcessingWaitQueue</attribute>
        <depends optional-attribute-name="DestinationManager">jboss.mq:service=DestinationManager</depends>
    </mbean>

    <mbean code="org.jboss.mq.server.jmx.Queue"
           name="jboss.mq.destination:name=jms.queue.RouteLogQueue,service=Queue">
        <attribute name="JNDIName">jms.queue.RouteLogQueue</attribute>
        <depends optional-attribute-name="DestinationManager">jboss.mq:service=DestinationManager</depends>
    </mbean>

</server>
