<?xml version="1.0" encoding="UTF-8"?>
<!--
 !___________________________________________________________________________________________________
 !
 !  Defines Ticker-specific queues/topics.
 !
 !  FSB:  We added this file.
 !___________________________________________________________________________________________________
 !-->
<server>

    <!--
     !_____________________________________________________________________________
     !
     !  Used by the Ticker to control which server is running the ticker process.
     !_____________________________________________________________________________
     !-->
    <mbean code="org.jboss.mq.server.jmx.Topic"
           name="jboss.mq.destination:name=jms.topic.MortracTickerControlTopic,service=Topic">
        <attribute name="JNDIName">jms.topic.MortracTickerControlTopic</attribute>
        <depends optional-attribute-name="DestinationManager">jboss.mq:service=DestinationManager</depends>
    </mbean>

    <!--
     !_____________________________________________________________________________
     !
     !  Not sure if this is still in use.
     !_____________________________________________________________________________
     !-->
    <mbean code="org.jboss.mq.server.jmx.Topic"
           name="jboss.mq.destination:name=jms.topic.TickerControlTopic,service=Topic">
        <attribute name="JNDIName">jms.topic.TickerControlTopic</attribute>
        <depends optional-attribute-name="DestinationManager">jboss.mq:service=DestinationManager</depends>
    </mbean>

</server>
