<?xml version="1.0" encoding="UTF-8"?>
<!--
 !___________________________________________________________________________________________________
 !
 !  Defines the Mortrac-specific Connection Factories.
 !
 !  FSB:  We added this file.
 !___________________________________________________________________________________________________
 !-->
<server>

    <!--
     !_____________________________________________________________________________
     !
     !  JNDI bindings for Mortrac JMS Queue and Topic Connection Factory objects
     !_____________________________________________________________________________
     !-->
    <mbean code="org.jboss.naming.LinkRefPairService"
           name="jboss.jms:alias=MortracJMSQueueConnectionFactory">
        <attribute name="JndiName">jms.factory.QueueConnectionFactory</attribute>
        <attribute name="RemoteJndiName">XAConnectionFactory</attribute>
        <attribute name="LocalJndiName">java:/JmsXA</attribute>
        <depends>jboss:service=Naming</depends>
    </mbean>
    
    <mbean code="org.jboss.naming.LinkRefPairService"
           name="jboss.jms:alias=MortracJMSTopicConnectionFactory">
        <attribute name="JndiName">jms.factory.TopicConnectionFactory</attribute>
        <attribute name="RemoteJndiName">XAConnectionFactory</attribute>
        <attribute name="LocalJndiName">java:/JmsXA</attribute>
        <depends>jboss:service=Naming</depends>
    </mbean>

</server>
