<?xml version='1.0'?>
<!DOCTYPE policy PUBLIC "-//JBoss//DTD JBOSS Security Config 3.0//EN" "http://www.jboss.org/j2ee/dtd/security_config.dtd">

<!--
 !________________________________________________________________________________________
 !      
 !      JAAS login configuration for Mortrac security domain.
 !
 !      FSB:  We added this file.
 !________________________________________________________________________________________
 !-->

<policy>

    <!--  Mortrac Login Module  -->
    <application-policy name="MortracSecurityRealm">
        <authentication>
            <login-module code="com.fsb.module.security.provider.authentication.LoginModuleImpl" flag="required" />
            <login-module code="org.jboss.security.ClientLoginModule" flag="required">
                <module-option name="password-stacking">useFirstPass</module-option>              
            </login-module>
        </authentication>
    </application-policy>

</policy>

